row_id,column,value,confidence,source
1288,ounces,12,1.0000,baran
1,ounces,12,1.0000,baran
2,ounces,12,1.0000,baran
3,ounces,12,1.0000,baran
4,ounces,12,1.0000,baran
5,ounces,12,1.0000,baran
6,ounces,12,1.0000,baran
7,ounces,12,1.0000,baran
8,ounces,12,1.0000,baran
9,ounces,12,1.0000,baran
10,ounces,12,1.0000,baran
11,ounces,12,1.0000,baran
12,ounces,12,1.0000,baran
13,ounces,12,1.0000,baran
14,ounces,12,1.0000,baran
15,ounces,12,1.0000,baran
16,ounces,12,1.0000,baran
17,ounces,12,1.0000,baran
18,ounces,12,1.0000,baran
19,ounces,12,1.0000,baran
20,ounces,12,1.0000,baran
21,ounces,12,1.0000,baran
22,ounces,12,1.0000,baran
23,ounces,12,1.0000,baran
24,ounces,12,1.0000,baran
25,ounces,12,1.0000,baran
26,ounces,12,1.0000,baran
27,ounces,12,1.0000,baran
28,ounces,12,1.0000,baran
29,ounces,12,1.0000,baran
30,ounces,12,1.0000,baran
31,ounces,12,1.0000,baran
32,ounces,12,1.0000,baran
33,ounces,12,1.0000,baran
34,ounces,12,1.0000,baran
35,ounces,12,1.0000,baran
36,ounces,12,1.0000,baran
37,ounces,12,1.0000,baran
38,ounces,12,1.0000,baran
39,ounces,12,1.0000,baran
40,ounces,12,1.0000,baran
41,ounces,12,1.0000,baran
42,ounces,12,1.0000,baran
43,ounces,12,1.0000,baran
44,ounces,12,1.0000,baran
45,ounces,12,1.0000,baran
46,ounces,12,1.0000,baran
47,ounces,12,1.0000,baran
48,ounces,12,1.0000,baran
49,ounces,12,1.0000,baran
50,ounces,12,1.0000,baran
51,ounces,16,1.0000,baran
52,ounces,16,1.0000,baran
53,ounces,16,1.0000,baran
54,ounces,16,1.0000,baran
55,ounces,12,1.0000,baran
56,ounces,16,1.0000,baran
57,ounces,16,1.0000,baran
58,ounces,16,1.0000,baran
59,ounces,16,1.0000,baran
60,ounces,16,1.0000,baran
61,ounces,16,1.0000,baran
62,ounces,12,1.0000,baran
63,ounces,12,1.0000,baran
64,ounces,12,1.0000,baran
65,ounces,12,1.0000,baran
66,ounces,12,1.0000,baran
67,ounces,12,1.0000,baran
68,ounces,16,1.0000,baran
69,ounces,16,1.0000,baran
70,ounces,16,1.0000,baran
71,ounces,16,1.0000,baran
72,ounces,16,1.0000,baran
73,ounces,16,1.0000,baran
74,ounces,16,1.0000,baran
75,ounces,16,1.0000,baran
76,ounces,16,1.0000,baran
77,ounces,16,1.0000,baran
78,ounces,16,1.0000,baran
79,ounces,16,1.0000,baran
80,ounces,16,1.0000,baran
81,ounces,16,1.0000,baran
82,ounces,16,1.0000,baran
83,ounces,16,1.0000,baran
84,ounces,16,1.0000,baran
85,ounces,16,1.0000,baran
86,ounces,12,1.0000,baran
87,ounces,16,1.0000,baran
88,ounces,12,1.0000,baran
89,ounces,12,1.0000,baran
90,ounces,12,1.0000,baran
91,ounces,12,1.0000,baran
92,ounces,16,1.0000,baran
93,ounces,16,1.0000,baran
94,ounces,16,1.0000,baran
95,ounces,16,1.0000,baran
96,ounces,16,1.0000,baran
97,ounces,12,1.0000,baran
98,ounces,12,1.0000,baran
99,ounces,12,1.0000,baran
100,ounces,12,1.0000,baran
101,ounces,12,1.0000,baran
102,ounces,12,1.0000,baran
103,ounces,12,1.0000,baran
104,ounces,12,1.0000,baran
105,ounces,12,1.0000,baran
106,ounces,12,1.0000,baran
107,ounces,12,1.0000,baran
108,ounces,12,1.0000,baran
109,ounces,12,1.0000,baran
110,ounces,12,1.0000,baran
111,ounces,16,1.0000,baran
112,ounces,12,1.0000,baran
113,ounces,12,1.0000,baran
114,ounces,12,1.0000,baran
115,ounces,12,1.0000,baran
116,ounces,12,1.0000,baran
117,ounces,12,1.0000,baran
118,ounces,12,1.0000,baran
119,ounces,12,1.0000,baran
120,ounces,16,1.0000,baran
121,ounces,16,1.0000,baran
122,ounces,16,1.0000,baran
123,ounces,16,1.0000,baran
124,ounces,16,1.0000,baran
125,ounces,12,1.0000,baran
126,ounces,12,1.0000,baran
127,ounces,12,1.0000,baran
128,ounces,12,1.0000,baran
129,ounces,16,1.0000,baran
130,ounces,12,1.0000,baran
131,ounces,16,1.0000,baran
132,ounces,16,1.0000,baran
133,ounces,12,1.0000,baran
134,ounces,12,1.0000,baran
135,ounces,12,1.0000,baran
136,ounces,12,1.0000,baran
137,ounces,16,1.0000,baran
138,ounces,16,1.0000,baran
139,ounces,12,1.0000,baran
140,ounces,12,1.0000,baran
141,ounces,12,1.0000,baran
142,ounces,16,1.0000,baran
143,ounces,12,1.0000,baran
144,ounces,12,1.0000,baran
145,ounces,12,1.0000,baran
146,ounces,12,1.0000,baran
147,ounces,12,1.0000,baran
148,ounces,12,1.0000,baran
149,ounces,12,1.0000,baran
150,ounces,12,1.0000,baran
151,ounces,16,1.0000,baran
152,ounces,16,1.0000,baran
153,ounces,16,1.0000,baran
154,ounces,12,1.0000,baran
155,ounces,12,1.0000,baran
156,ounces,12,1.0000,baran
157,ounces,16,1.0000,baran
158,ounces,12,1.0000,baran
159,ounces,12,1.0000,baran
160,ounces,12,1.0000,baran
161,ounces,12,1.0000,baran
162,ounces,12,1.0000,baran
163,ounces,12,1.0000,baran
164,ounces,12,1.0000,baran
165,ounces,12,1.0000,baran
166,ounces,12,1.0000,baran
167,ounces,12,1.0000,baran
168,ounces,12,1.0000,baran
169,ounces,12,1.0000,baran
170,ounces,12,1.0000,baran
171,ounces,12,1.0000,baran
172,ounces,12,1.0000,baran
173,ounces,12,1.0000,baran
174,ounces,12,1.0000,baran
175,ounces,12,1.0000,baran
176,ounces,12,1.0000,baran
177,ounces,12,1.0000,baran
178,ounces,12,1.0000,baran
179,ounces,12,1.0000,baran
180,ounces,12,1.0000,baran
181,ounces,12,1.0000,baran
182,ounces,12,1.0000,baran
183,ounces,12,1.0000,baran
184,ounces,12,1.0000,baran
185,ounces,12,1.0000,baran
186,ounces,12,1.0000,baran
187,ounces,12,1.0000,baran
188,ounces,12,1.0000,baran
189,ounces,12,1.0000,baran
190,ounces,12,1.0000,baran
191,ounces,12,1.0000,baran
192,ounces,16,1.0000,baran
193,ounces,12,1.0000,baran
194,ounces,12,1.0000,baran
195,ounces,12,1.0000,baran
196,ounces,12,1.0000,baran
197,ounces,12,1.0000,baran
198,ounces,12,1.0000,baran
199,ounces,12,1.0000,baran
200,ounces,12,1.0000,baran
201,ounces,12,1.0000,baran
202,ounces,12,1.0000,baran
203,ounces,12,1.0000,baran
204,ounces,16,1.0000,baran
205,ounces,16,1.0000,baran
206,ounces,16,1.0000,baran
207,ounces,16,1.0000,baran
208,ounces,16,1.0000,baran
209,ounces,16,1.0000,baran
210,ounces,16,1.0000,baran
211,ounces,16,1.0000,baran
212,ounces,16,1.0000,baran
213,ounces,16,1.0000,baran
214,ounces,12,1.0000,baran
215,ounces,16,1.0000,baran
216,ounces,12,1.0000,baran
217,ounces,12,1.0000,baran
218,ounces,12,1.0000,baran
219,ounces,16,1.0000,baran
220,ounces,16,1.0000,baran
221,ounces,16,1.0000,baran
222,ounces,16,1.0000,baran
223,ounces,16,1.0000,baran
224,ounces,12,1.0000,baran
225,ounces,16,1.0000,baran
226,ounces,12,1.0000,baran
227,ounces,12,1.0000,baran
228,ounces,12,1.0000,baran
229,ounces,12,1.0000,baran
230,ounces,12,1.0000,baran
231,ounces,12,1.0000,baran
232,ounces,12,1.0000,baran
233,ounces,12,1.0000,baran
234,ounces,12,1.0000,baran
235,ounces,12,1.0000,baran
236,ounces,12,1.0000,baran
237,ounces,12,1.0000,baran
238,ounces,12,1.0000,baran
239,ounces,12,1.0000,baran
240,ounces,12,1.0000,baran
241,ounces,12,1.0000,baran
242,ounces,16,1.0000,baran
243,ounces,16,1.0000,baran
244,ounces,12,1.0000,baran
245,ounces,12,1.0000,baran
246,ounces,12,1.0000,baran
247,ounces,16,1.0000,baran
248,ounces,16,1.0000,baran
249,ounces,12,1.0000,baran
250,ounces,16,1.0000,baran
251,ounces,12,1.0000,baran
252,ounces,12,1.0000,baran
253,ounces,12,1.0000,baran
254,ounces,12,1.0000,baran
255,ounces,12,1.0000,baran
256,ounces,12,1.0000,baran
257,ounces,12,1.0000,baran
258,ounces,12,1.0000,baran
259,ounces,12,1.0000,baran
260,ounces,12,1.0000,baran
261,ounces,12,1.0000,baran
262,ounces,12,1.0000,baran
263,ounces,12,1.0000,baran
264,ounces,12,1.0000,baran
265,ounces,12,1.0000,baran
266,ounces,12,1.0000,baran
267,ounces,16,1.0000,baran
268,ounces,16,1.0000,baran
269,ounces,16,1.0000,baran
270,ounces,16,1.0000,baran
271,ounces,16,1.0000,baran
272,ounces,16,1.0000,baran
273,ounces,12,1.0000,baran
274,ounces,12,1.0000,baran
275,ounces,12,1.0000,baran
276,ounces,16,1.0000,baran
277,ounces,12,1.0000,baran
278,ounces,12,1.0000,baran
279,ounces,12,1.0000,baran
280,ounces,12,1.0000,baran
281,ounces,12,1.0000,baran
282,ounces,12,1.0000,baran
283,ounces,12,1.0000,baran
284,ounces,12,1.0000,baran
285,ounces,12,1.0000,baran
286,ounces,12,1.0000,baran
287,ounces,12,1.0000,baran
288,ounces,12,1.0000,baran
289,ounces,12,1.0000,baran
290,ounces,12,1.0000,baran
291,ounces,12,1.0000,baran
292,ounces,12,1.0000,baran
293,ounces,12,1.0000,baran
294,ounces,12,1.0000,baran
295,ounces,12,1.0000,baran
296,ounces,12,1.0000,baran
297,ounces,12,1.0000,baran
298,ounces,12,1.0000,baran
299,ounces,12,1.0000,baran
300,ounces,12,1.0000,baran
301,ounces,12,1.0000,baran
302,ounces,12,1.0000,baran
303,ounces,12,1.0000,baran
304,ounces,12,1.0000,baran
305,ounces,12,1.0000,baran
306,ounces,12,1.0000,baran
307,ounces,12,1.0000,baran
308,ounces,12,1.0000,baran
309,ounces,12,1.0000,baran
310,ounces,12,1.0000,baran
311,ounces,12,1.0000,baran
312,ounces,12,1.0000,baran
313,ounces,12,1.0000,baran
314,ounces,12,1.0000,baran
315,ounces,12,1.0000,baran
316,ounces,12,1.0000,baran
317,ounces,12,1.0000,baran
318,ounces,12,1.0000,baran
319,ounces,12,1.0000,baran
320,ounces,12,1.0000,baran
321,ounces,12,1.0000,baran
322,ounces,12,1.0000,baran
323,ounces,12,1.0000,baran
324,ounces,12,1.0000,baran
325,ounces,12,1.0000,baran
326,ounces,12,1.0000,baran
327,ounces,12,1.0000,baran
328,ounces,12,1.0000,baran
329,ounces,12,1.0000,baran
330,ounces,12,1.0000,baran
331,ounces,12,1.0000,baran
332,ounces,16,1.0000,baran
333,ounces,16,1.0000,baran
334,ounces,12,1.0000,baran
335,ounces,12,1.0000,baran
336,ounces,12,1.0000,baran
337,ounces,16,1.0000,baran
338,ounces,16,1.0000,baran
339,ounces,12,1.0000,baran
340,ounces,16,1.0000,baran
341,ounces,12,1.0000,baran
342,ounces,12,1.0000,baran
343,ounces,12,1.0000,baran
344,ounces,12,1.0000,baran
345,ounces,12,1.0000,baran
346,ounces,16,1.0000,baran
347,ounces,12,1.0000,baran
348,ounces,12,1.0000,baran
349,ounces,16,1.0000,baran
350,ounces,12,1.0000,baran
351,ounces,12,1.0000,baran
352,ounces,12,1.0000,baran
353,ounces,16,1.0000,baran
354,ounces,16,1.0000,baran
355,ounces,12,1.0000,baran
356,ounces,12,1.0000,baran
357,ounces,16,1.0000,baran
358,ounces,12,1.0000,baran
359,ounces,12,1.0000,baran
360,ounces,16,1.0000,baran
361,ounces,12,1.0000,baran
362,ounces,12,1.0000,baran
363,ounces,12,1.0000,baran
364,ounces,12,1.0000,baran
365,ounces,12,1.0000,baran
366,ounces,12,1.0000,baran
367,ounces,12,1.0000,baran
368,ounces,12,1.0000,baran
369,ounces,12,1.0000,baran
370,ounces,12,1.0000,baran
371,ounces,12,1.0000,baran
372,ounces,12,1.0000,baran
373,ounces,12,1.0000,baran
374,ounces,12,1.0000,baran
375,ounces,12,1.0000,baran
376,ounces,12,1.0000,baran
377,ounces,12,1.0000,baran
378,ounces,16,1.0000,baran
379,ounces,12,1.0000,baran
380,ounces,12,1.0000,baran
381,ounces,12,1.0000,baran
382,ounces,12,1.0000,baran
383,ounces,12,1.0000,baran
384,ounces,12,1.0000,baran
385,ounces,12,1.0000,baran
386,ounces,12,1.0000,baran
387,ounces,16,1.0000,baran
388,ounces,16,1.0000,baran
389,ounces,16,1.0000,baran
390,ounces,16,1.0000,baran
391,ounces,16,1.0000,baran
392,ounces,16,1.0000,baran
393,ounces,16,1.0000,baran
394,ounces,16,1.0000,baran
395,ounces,16,1.0000,baran
396,ounces,12,1.0000,baran
397,ounces,16,1.0000,baran
398,ounces,16,1.0000,baran
399,ounces,16,1.0000,baran
400,ounces,16,1.0000,baran
401,ounces,16,1.0000,baran
402,ounces,16,1.0000,baran
403,ounces,16,1.0000,baran
404,ounces,16,1.0000,baran
405,ounces,16,1.0000,baran
406,ounces,16,1.0000,baran
407,ounces,12,1.0000,baran
408,ounces,16,1.0000,baran
409,ounces,16,1.0000,baran
410,ounces,16,1.0000,baran
411,ounces,16,1.0000,baran
412,ounces,16,1.0000,baran
413,ounces,16,1.0000,baran
414,ounces,16,1.0000,baran
415,ounces,16,1.0000,baran
416,ounces,16,1.0000,baran
417,ounces,16,1.0000,baran
418,ounces,16,1.0000,baran
419,ounces,16,1.0000,baran
420,ounces,16,1.0000,baran
421,ounces,16,1.0000,baran
422,ounces,16,1.0000,baran
423,ounces,16,1.0000,baran
424,ounces,16,1.0000,baran
425,ounces,16,1.0000,baran
426,ounces,16,1.0000,baran
427,ounces,16,1.0000,baran
428,ounces,12,1.0000,baran
429,ounces,16,1.0000,baran
430,ounces,16,1.0000,baran
431,ounces,16,1.0000,baran
432,ounces,16,1.0000,baran
433,ounces,16,1.0000,baran
434,ounces,16,1.0000,baran
435,ounces,16,1.0000,baran
436,ounces,16,1.0000,baran
437,ounces,16,1.0000,baran
438,ounces,16,1.0000,baran
439,ounces,16,1.0000,baran
440,ounces,16,1.0000,baran
441,ounces,16,1.0000,baran
442,ounces,16,1.0000,baran
443,ounces,16,1.0000,baran
444,ounces,16,1.0000,baran
445,ounces,16,1.0000,baran
446,ounces,16,1.0000,baran
447,ounces,12,1.0000,baran
448,ounces,16,1.0000,baran
449,ounces,16,1.0000,baran
450,ounces,16,1.0000,baran
451,ounces,12,1.0000,baran
452,ounces,12,1.0000,baran
453,ounces,16,1.0000,baran
454,ounces,12,1.0000,baran
455,ounces,16,1.0000,baran
456,ounces,12,1.0000,baran
457,ounces,12,1.0000,baran
458,ounces,16,1.0000,baran
459,ounces,12,1.0000,baran
460,ounces,12,1.0000,baran
461,ounces,12,1.0000,baran
462,ounces,16,1.0000,baran
463,ounces,12,1.0000,baran
464,ounces,16,1.0000,baran
465,ounces,12,1.0000,baran
466,ounces,16,1.0000,baran
467,ounces,16,1.0000,baran
468,ounces,16,1.0000,baran
469,ounces,16,1.0000,baran
470,ounces,16,1.0000,baran
471,ounces,16,1.0000,baran
472,ounces,12,1.0000,baran
473,ounces,12,1.0000,baran
474,ounces,12,1.0000,baran
475,ounces,16,1.0000,baran
476,ounces,16,1.0000,baran
477,ounces,16,1.0000,baran
478,ounces,24,1.0000,baran
479,ounces,12,1.0000,baran
480,ounces,12,1.0000,baran
481,ounces,12,1.0000,baran
482,ounces,16,1.0000,baran
483,ounces,16,1.0000,baran
484,ounces,16,1.0000,baran
485,ounces,16,1.0000,baran
486,ounces,16,1.0000,baran
487,ounces,12,1.0000,baran
488,ounces,12,1.0000,baran
489,ounces,12,1.0000,baran
490,ounces,12,1.0000,baran
491,ounces,12,1.0000,baran
492,ounces,12,1.0000,baran
493,ounces,12,1.0000,baran
494,ounces,12,1.0000,baran
495,ounces,12,1.0000,baran
496,ounces,16,1.0000,baran
497,ounces,16,1.0000,baran
498,ounces,16,1.0000,baran
499,ounces,16,1.0000,baran
500,ounces,16,1.0000,baran
501,ounces,16,1.0000,baran
502,ounces,16,1.0000,baran
503,ounces,16,1.0000,baran
504,ounces,16,1.0000,baran
505,ounces,12,1.0000,baran
506,ounces,12,1.0000,baran
507,ounces,12,1.0000,baran
508,ounces,12,1.0000,baran
509,ounces,12,1.0000,baran
510,ounces,12,1.0000,baran
511,ounces,12,1.0000,baran
512,ounces,12,1.0000,baran
513,ounces,12,1.0000,baran
514,ounces,12,1.0000,baran
515,ounces,12,1.0000,baran
516,ounces,12,1.0000,baran
517,ounces,12,1.0000,baran
518,ounces,12,1.0000,baran
519,ounces,12,1.0000,baran
520,ounces,12,1.0000,baran
521,ounces,12,1.0000,baran
522,ounces,12,1.0000,baran
523,ounces,12,1.0000,baran
524,ounces,12,1.0000,baran
525,ounces,16,1.0000,baran
526,ounces,16,1.0000,baran
527,ounces,12,1.0000,baran
528,ounces,12,1.0000,baran
529,ounces,12,1.0000,baran
530,ounces,16,1.0000,baran
531,ounces,16,1.0000,baran
532,ounces,12,1.0000,baran
533,ounces,12,1.0000,baran
534,ounces,12,1.0000,baran
535,ounces,12,1.0000,baran
536,ounces,16,1.0000,baran
537,ounces,12,1.0000,baran
538,ounces,12,1.0000,baran
539,ounces,12,1.0000,baran
540,ounces,12,1.0000,baran
541,ounces,12,1.0000,baran
542,ounces,12,1.0000,baran
543,ounces,12,1.0000,baran
544,ounces,12,1.0000,baran
545,ounces,12,1.0000,baran
546,ounces,16,1.0000,baran
547,ounces,12,1.0000,baran
548,ounces,12,1.0000,baran
549,ounces,16,1.0000,baran
550,ounces,16,1.0000,baran
551,ounces,16,1.0000,baran
552,ounces,12,1.0000,baran
553,ounces,16,1.0000,baran
554,ounces,16,1.0000,baran
555,ounces,12,1.0000,baran
556,ounces,12,1.0000,baran
557,ounces,12,1.0000,baran
558,ounces,12,1.0000,baran
559,ounces,12,1.0000,baran
560,ounces,12,1.0000,baran
561,ounces,12,1.0000,baran
562,ounces,16,1.0000,baran
563,ounces,16,1.0000,baran
564,ounces,12,1.0000,baran
565,ounces,12,1.0000,baran
566,ounces,16,1.0000,baran
567,ounces,16,1.0000,baran
568,ounces,16,1.0000,baran
569,ounces,16,1.0000,baran
570,ounces,16,1.0000,baran
571,ounces,16,1.0000,baran
572,ounces,12,1.0000,baran
573,ounces,12,1.0000,baran
574,ounces,12,1.0000,baran
575,ounces,12,1.0000,baran
576,ounces,12,1.0000,baran
577,ounces,12,1.0000,baran
578,ounces,16,1.0000,baran
579,ounces,16,1.0000,baran
580,ounces,16,1.0000,baran
581,ounces,16,1.0000,baran
582,ounces,24,1.0000,baran
583,ounces,12,1.0000,baran
584,ounces,12,1.0000,baran
585,ounces,12,1.0000,baran
586,ounces,12,1.0000,baran
587,ounces,12,1.0000,baran
588,ounces,16,1.0000,baran
589,ounces,16,1.0000,baran
590,ounces,16,1.0000,baran
591,ounces,16,1.0000,baran
592,ounces,16,1.0000,baran
593,ounces,16,1.0000,baran
594,ounces,16,1.0000,baran
595,ounces,12,1.0000,baran
596,ounces,12,1.0000,baran
597,ounces,12,1.0000,baran
598,ounces,12,1.0000,baran
599,ounces,12,1.0000,baran
600,ounces,12,1.0000,baran
601,ounces,12,1.0000,baran
602,ounces,12,1.0000,baran
603,ounces,12,1.0000,baran
604,ounces,12,1.0000,baran
605,ounces,12,1.0000,baran
606,ounces,12,1.0000,baran
607,ounces,12,1.0000,baran
608,ounces,16,1.0000,baran
609,ounces,12,1.0000,baran
610,ounces,12,1.0000,baran
611,ounces,12,1.0000,baran
612,ounces,12,1.0000,baran
613,ounces,16,1.0000,baran
614,ounces,12,1.0000,baran
615,ounces,12,1.0000,baran
616,ounces,12,1.0000,baran
617,ounces,12,1.0000,baran
618,ounces,12,1.0000,baran
619,ounces,12,1.0000,baran
620,ounces,12,1.0000,baran
621,ounces,12,1.0000,baran
622,ounces,12,1.0000,baran
623,ounces,12,1.0000,baran
624,ounces,12,1.0000,baran
625,ounces,12,1.0000,baran
626,ounces,12,1.0000,baran
627,ounces,12,1.0000,baran
628,ounces,12,1.0000,baran
629,ounces,12,1.0000,baran
630,ounces,12,1.0000,baran
631,ounces,16,1.0000,baran
632,ounces,12,1.0000,baran
633,ounces,16,1.0000,baran
634,ounces,12,1.0000,baran
635,ounces,12,1.0000,baran
636,ounces,12,1.0000,baran
637,ounces,12,1.0000,baran
638,ounces,12,1.0000,baran
639,ounces,12,1.0000,baran
640,ounces,16,1.0000,baran
641,ounces,16,1.0000,baran
642,ounces,16,1.0000,baran
643,ounces,16,1.0000,baran
644,ounces,12,1.0000,baran
645,ounces,12,1.0000,baran
646,ounces,12,1.0000,baran
647,ounces,12,1.0000,baran
648,ounces,12,1.0000,baran
649,ounces,12,1.0000,baran
650,ounces,16,1.0000,baran
651,ounces,16,1.0000,baran
652,ounces,16,1.0000,baran
653,ounces,12,1.0000,baran
654,ounces,12,1.0000,baran
655,ounces,12,1.0000,baran
656,ounces,12,1.0000,baran
657,ounces,12,1.0000,baran
658,ounces,12,1.0000,baran
659,ounces,12,1.0000,baran
660,ounces,12,1.0000,baran
661,ounces,12,1.0000,baran
662,ounces,12,1.0000,baran
663,ounces,12,1.0000,baran
664,ounces,12,1.0000,baran
665,ounces,12,1.0000,baran
666,ounces,12,1.0000,baran
667,ounces,12,1.0000,baran
668,ounces,12,1.0000,baran
669,ounces,12,1.0000,baran
670,ounces,12,1.0000,baran
671,ounces,12,1.0000,baran
672,ounces,12,1.0000,baran
673,ounces,16,1.0000,baran
674,ounces,16,1.0000,baran
675,ounces,16,1.0000,baran
676,ounces,16,1.0000,baran
677,ounces,16,1.0000,baran
678,ounces,16,1.0000,baran
679,ounces,12,1.0000,baran
680,ounces,12,1.0000,baran
681,ounces,12,1.0000,baran
682,ounces,12,1.0000,baran
683,ounces,12,1.0000,baran
684,ounces,12,1.0000,baran
685,ounces,12,1.0000,baran
686,ounces,12,1.0000,baran
687,ounces,12,1.0000,baran
688,ounces,12,1.0000,baran
689,ounces,16,1.0000,baran
690,ounces,16,1.0000,baran
691,ounces,16,1.0000,baran
692,ounces,12,1.0000,baran
693,ounces,12,1.0000,baran
694,ounces,12,1.0000,baran
695,ounces,12,1.0000,baran
696,ounces,12,1.0000,baran
697,ounces,12,1.0000,baran
698,ounces,12,1.0000,baran
699,ounces,12,1.0000,baran
700,ounces,12,1.0000,baran
701,ounces,16,1.0000,baran
702,ounces,12,1.0000,baran
703,ounces,12,1.0000,baran
704,ounces,12,1.0000,baran
705,ounces,12,1.0000,baran
706,ounces,12,1.0000,baran
707,ounces,12,1.0000,baran
708,ounces,12,1.0000,baran
709,ounces,12,1.0000,baran
710,ounces,12,1.0000,baran
711,ounces,12,1.0000,baran
712,ounces,12,1.0000,baran
713,ounces,12,1.0000,baran
714,ounces,12,1.0000,baran
715,ounces,12,1.0000,baran
716,ounces,12,1.0000,baran
717,ounces,12,1.0000,baran
718,ounces,12,1.0000,baran
719,ounces,12,1.0000,baran
720,ounces,12,1.0000,baran
721,ounces,12,1.0000,baran
722,ounces,12,1.0000,baran
723,ounces,16,1.0000,baran
724,ounces,16,1.0000,baran
725,ounces,16,1.0000,baran
726,ounces,16,1.0000,baran
727,ounces,12,1.0000,baran
728,ounces,16,1.0000,baran
729,ounces,12,1.0000,baran
730,ounces,12,1.0000,baran
731,ounces,16,1.0000,baran
732,ounces,16,1.0000,baran
733,ounces,16,1.0000,baran
734,ounces,16,1.0000,baran
735,ounces,16,1.0000,baran
736,ounces,12,1.0000,baran
737,ounces,12,1.0000,baran
738,ounces,12,1.0000,baran
739,ounces,12,1.0000,baran
740,ounces,12,1.0000,baran
741,ounces,12,1.0000,baran
742,ounces,12,1.0000,baran
743,ounces,12,1.0000,baran
744,ounces,16,1.0000,baran
745,ounces,16,1.0000,baran
746,ounces,16,1.0000,baran
747,ounces,16,1.0000,baran
748,ounces,16,1.0000,baran
749,ounces,16,1.0000,baran
750,ounces,16,1.0000,baran
751,ounces,16,1.0000,baran
752,ounces,12,1.0000,baran
753,ounces,12,1.0000,baran
754,ounces,16,1.0000,baran
755,ounces,12,1.0000,baran
756,ounces,12,1.0000,baran
757,ounces,12,1.0000,baran
758,ounces,12,1.0000,baran
759,ounces,12,1.0000,baran
760,ounces,12,1.0000,baran
761,ounces,16,1.0000,baran
762,ounces,16,1.0000,baran
763,ounces,16,1.0000,baran
764,ounces,16,1.0000,baran
765,ounces,16,1.0000,baran
766,ounces,16,1.0000,baran
767,ounces,12,1.0000,baran
768,ounces,16,1.0000,baran
769,ounces,12,1.0000,baran
770,ounces,12,1.0000,baran
771,ounces,12,1.0000,baran
772,ounces,12,1.0000,baran
773,ounces,12,1.0000,baran
774,ounces,12,1.0000,baran
775,ounces,12,1.0000,baran
776,ounces,16,1.0000,baran
777,ounces,16,1.0000,baran
778,ounces,16,1.0000,baran
779,ounces,16,1.0000,baran
780,ounces,16,1.0000,baran
781,ounces,16,1.0000,baran
782,ounces,16,1.0000,baran
783,ounces,16,1.0000,baran
784,ounces,16,1.0000,baran
785,ounces,16,1.0000,baran
786,ounces,16,1.0000,baran
787,ounces,16,1.0000,baran
788,ounces,12,1.0000,baran
789,ounces,16,1.0000,baran
790,ounces,16,1.0000,baran
791,ounces,16,1.0000,baran
792,ounces,12,1.0000,baran
793,ounces,12,1.0000,baran
794,ounces,12,1.0000,baran
795,ounces,16,1.0000,baran
796,ounces,16,1.0000,baran
797,ounces,16,1.0000,baran
798,ounces,16,1.0000,baran
799,ounces,16,1.0000,baran
800,ounces,12,1.0000,baran
801,ounces,16,1.0000,baran
802,ounces,16,1.0000,baran
803,ounces,16,1.0000,baran
804,ounces,16,1.0000,baran
805,ounces,12,1.0000,baran
806,ounces,12,1.0000,baran
807,ounces,12,1.0000,baran
808,ounces,12,1.0000,baran
809,ounces,12,1.0000,baran
810,ounces,16,1.0000,baran
811,ounces,16,1.0000,baran
812,ounces,16,1.0000,baran
813,ounces,12,1.0000,baran
814,ounces,16,1.0000,baran
815,ounces,12,1.0000,baran
816,ounces,12,1.0000,baran
817,ounces,12,1.0000,baran
818,ounces,12,1.0000,baran
819,ounces,12,1.0000,baran
820,ounces,12,1.0000,baran
821,ounces,12,1.0000,baran
822,ounces,12,1.0000,baran
823,ounces,12,1.0000,baran
824,ounces,12,1.0000,baran
825,ounces,12,1.0000,baran
826,ounces,12,1.0000,baran
827,ounces,16,1.0000,baran
828,ounces,16,1.0000,baran
829,ounces,16,1.0000,baran
830,ounces,16,1.0000,baran
831,ounces,16,1.0000,baran
832,ounces,16,1.0000,baran
833,ounces,16,1.0000,baran
834,ounces,16,1.0000,baran
835,ounces,16,1.0000,baran
836,ounces,16,1.0000,baran
837,ounces,12,1.0000,baran
838,ounces,12,1.0000,baran
839,ounces,12,1.0000,baran
840,ounces,12,1.0000,baran
841,ounces,12,1.0000,baran
842,ounces,12,1.0000,baran
843,ounces,12,1.0000,baran
844,ounces,12,1.0000,baran
845,ounces,12,1.0000,baran
846,ounces,12,1.0000,baran
847,ounces,12,1.0000,baran
848,ounces,16,1.0000,baran
849,ounces,16,1.0000,baran
850,ounces,16,1.0000,baran
851,ounces,12,1.0000,baran
852,ounces,12,1.0000,baran
853,ounces,12,1.0000,baran
854,ounces,12,1.0000,baran
855,ounces,12,1.0000,baran
856,ounces,12,1.0000,baran
857,ounces,12,1.0000,baran
858,ounces,12,1.0000,baran
859,ounces,12,1.0000,baran
860,ounces,12,1.0000,baran
861,ounces,12,1.0000,baran
862,ounces,16,1.0000,baran
863,ounces,12,1.0000,baran
864,ounces,12,1.0000,baran
865,ounces,12,1.0000,baran
866,ounces,12,1.0000,baran
867,ounces,12,1.0000,baran
868,ounces,12,1.0000,baran
869,ounces,12,1.0000,baran
870,ounces,12,1.0000,baran
871,ounces,12,1.0000,baran
872,ounces,12,1.0000,baran
873,ounces,12,1.0000,baran
874,ounces,12,1.0000,baran
875,ounces,12,1.0000,baran
876,ounces,12,1.0000,baran
877,ounces,12,1.0000,baran
878,ounces,12,1.0000,baran
879,ounces,12,1.0000,baran
880,ounces,12,1.0000,baran
881,ounces,12,1.0000,baran
882,ounces,12,1.0000,baran
883,ounces,12,1.0000,baran
884,ounces,12,1.0000,baran
885,ounces,12,1.0000,baran
886,ounces,12,1.0000,baran
887,ounces,12,1.0000,baran
888,ounces,12,1.0000,baran
889,ounces,12,1.0000,baran
890,ounces,12,1.0000,baran
891,ounces,16,1.0000,baran
892,ounces,12,1.0000,baran
893,ounces,16,1.0000,baran
894,ounces,16,1.0000,baran
895,ounces,16,1.0000,baran
896,ounces,16,1.0000,baran
897,ounces,16,1.0000,baran
898,ounces,16,1.0000,baran
899,ounces,12,1.0000,baran
900,ounces,16,1.0000,baran
901,ounces,16,1.0000,baran
902,ounces,16,1.0000,baran
903,ounces,16,1.0000,baran
904,ounces,16,1.0000,baran
905,ounces,16,1.0000,baran
906,ounces,16,1.0000,baran
907,ounces,12,1.0000,baran
908,ounces,12,1.0000,baran
909,ounces,12,1.0000,baran
910,ounces,12,1.0000,baran
911,ounces,12,1.0000,baran
912,ounces,12,1.0000,baran
913,ounces,12,1.0000,baran
914,ounces,12,1.0000,baran
915,ounces,12,1.0000,baran
916,ounces,16,1.0000,baran
917,ounces,12,1.0000,baran
918,ounces,16,1.0000,baran
919,ounces,12,1.0000,baran
920,ounces,12,1.0000,baran
921,ounces,12,1.0000,baran
922,ounces,12,1.0000,baran
923,ounces,12,1.0000,baran
924,ounces,12,1.0000,baran
925,ounces,12,1.0000,baran
926,ounces,12,1.0000,baran
927,ounces,12,1.0000,baran
928,ounces,12,1.0000,baran
929,ounces,16,1.0000,baran
930,ounces,16,1.0000,baran
931,ounces,16,1.0000,baran
932,ounces,16,1.0000,baran
933,ounces,16,1.0000,baran
934,ounces,16,1.0000,baran
935,ounces,16,1.0000,baran
936,ounces,16,1.0000,baran
937,ounces,16,1.0000,baran
938,ounces,16,1.0000,baran
939,ounces,16,1.0000,baran
940,ounces,16,1.0000,baran
941,ounces,16,1.0000,baran
942,ounces,16,1.0000,baran
943,ounces,16,1.0000,baran
944,ounces,16,1.0000,baran
945,ounces,16,1.0000,baran
946,ounces,16,1.0000,baran
947,ounces,16,1.0000,baran
948,ounces,16,1.0000,baran
949,ounces,12,1.0000,baran
950,ounces,12,1.0000,baran
951,ounces,12,1.0000,baran
952,ounces,12,1.0000,baran
953,ounces,12,1.0000,baran
954,ounces,12,1.0000,baran
955,ounces,12,1.0000,baran
956,ounces,12,1.0000,baran
957,ounces,12,1.0000,baran
958,ounces,24,1.0000,baran
959,ounces,12,1.0000,baran
960,ounces,12,1.0000,baran
961,ounces,12,1.0000,baran
962,ounces,12,1.0000,baran
963,ounces,16,1.0000,baran
964,ounces,12,1.0000,baran
965,ounces,12,1.0000,baran
966,ounces,12,1.0000,baran
967,ounces,16,1.0000,baran
968,ounces,16,1.0000,baran
969,ounces,16,1.0000,baran
970,ounces,12,1.0000,baran
971,ounces,16,1.0000,baran
972,ounces,16,1.0000,baran
973,ounces,16,1.0000,baran
974,ounces,16,1.0000,baran
975,ounces,16,1.0000,baran
976,ounces,16,1.0000,baran
977,ounces,16,1.0000,baran
978,ounces,16,1.0000,baran
979,ounces,16,1.0000,baran
980,ounces,12,1.0000,baran
981,ounces,12,1.0000,baran
982,ounces,12,1.0000,baran
983,ounces,16,1.0000,baran
984,ounces,12,1.0000,baran
985,ounces,12,1.0000,baran
986,ounces,12,1.0000,baran
987,ounces,16,1.0000,baran
988,ounces,16,1.0000,baran
989,ounces,16,1.0000,baran
990,ounces,12,1.0000,baran
991,ounces,12,1.0000,baran
992,ounces,16,1.0000,baran
993,ounces,16,1.0000,baran
994,ounces,16,1.0000,baran
995,ounces,16,1.0000,baran
996,ounces,16,1.0000,baran
997,ounces,16,1.0000,baran
998,ounces,16,1.0000,baran
999,ounces,12,1.0000,baran
1000,ounces,16,1.0000,baran
1001,ounces,12,1.0000,baran
1002,ounces,12,1.0000,baran
1003,ounces,12,1.0000,baran
1004,ounces,16,1.0000,baran
1005,ounces,16,1.0000,baran
1006,ounces,16,1.0000,baran
1007,ounces,16,1.0000,baran
1008,ounces,16,1.0000,baran
1009,ounces,16,1.0000,baran
1010,ounces,16,1.0000,baran
1011,ounces,16,1.0000,baran
1012,ounces,12,1.0000,baran
1013,ounces,12,1.0000,baran
1014,ounces,12,1.0000,baran
1015,ounces,12,1.0000,baran
1016,ounces,16,1.0000,baran
1017,ounces,12,1.0000,baran
1018,ounces,12,1.0000,baran
1019,ounces,12,1.0000,baran
1020,ounces,12,1.0000,baran
1021,ounces,12,1.0000,baran
1022,ounces,12,1.0000,baran
1023,ounces,12,1.0000,baran
1024,ounces,12,1.0000,baran
1025,ounces,12,1.0000,baran
1026,ounces,12,1.0000,baran
1027,ounces,12,1.0000,baran
1028,ounces,12,1.0000,baran
1029,ounces,12,1.0000,baran
1030,ounces,12,1.0000,baran
1031,ounces,12,1.0000,baran
1032,ounces,12,1.0000,baran
1033,ounces,12,1.0000,baran
1034,ounces,12,1.0000,baran
1035,ounces,19,1.0000,baran
1036,ounces,12,1.0000,baran
1037,ounces,19,1.0000,baran
1038,ounces,16,1.0000,baran
1039,ounces,16,1.0000,baran
1040,ounces,16,1.0000,baran
1041,ounces,12,1.0000,baran
1042,ounces,12,1.0000,baran
1043,ounces,12,1.0000,baran
1044,ounces,16,1.0000,baran
1045,ounces,16,1.0000,baran
1046,ounces,16,1.0000,baran
1047,ounces,12,1.0000,baran
1048,ounces,16,1.0000,baran
1049,ounces,12,1.0000,baran
1050,ounces,12,1.0000,baran
1051,ounces,12,1.0000,baran
1052,ounces,16,1.0000,baran
1053,ounces,16,1.0000,baran
1054,ounces,16,1.0000,baran
1055,ounces,16,1.0000,baran
1056,ounces,16,1.0000,baran
1057,ounces,16,1.0000,baran
1058,ounces,12,1.0000,baran
1059,ounces,12,1.0000,baran
1060,ounces,12,1.0000,baran
1061,ounces,12,1.0000,baran
1062,ounces,12,1.0000,baran
1063,ounces,12,1.0000,baran
1064,ounces,12,1.0000,baran
1065,ounces,12,1.0000,baran
1066,ounces,12,1.0000,baran
1067,ounces,12,1.0000,baran
1068,ounces,12,1.0000,baran
1069,ounces,12,1.0000,baran
1070,ounces,12,1.0000,baran
1071,ounces,12,1.0000,baran
1072,ounces,12,1.0000,baran
1073,ounces,12,1.0000,baran
1074,ounces,16,1.0000,baran
1075,ounces,16,1.0000,baran
1076,ounces,16,1.0000,baran
1077,ounces,16,1.0000,baran
1078,ounces,16,1.0000,baran
1079,ounces,16,1.0000,baran
1080,ounces,16,1.0000,baran
1081,ounces,16,1.0000,baran
1082,ounces,16,1.0000,baran
1083,ounces,16,1.0000,baran
1084,ounces,12,1.0000,baran
1085,ounces,16,1.0000,baran
1086,ounces,16,1.0000,baran
1087,ounces,16,1.0000,baran
1088,ounces,16,1.0000,baran
1089,ounces,16,1.0000,baran
1090,ounces,16,1.0000,baran
1091,ounces,16,1.0000,baran
1092,ounces,16,1.0000,baran
1093,ounces,16,1.0000,baran
1094,ounces,16,1.0000,baran
1095,ounces,16,1.0000,baran
1096,ounces,16,1.0000,baran
1097,ounces,12,1.0000,baran
1098,ounces,12,1.0000,baran
1099,ounces,16,1.0000,baran
1100,ounces,12,1.0000,baran
1101,ounces,12,1.0000,baran
1102,ounces,12,1.0000,baran
1103,ounces,12,1.0000,baran
1104,ounces,12,1.0000,baran
1105,ounces,12,1.0000,baran
1106,ounces,12,1.0000,baran
1107,ounces,12,1.0000,baran
1108,ounces,12,1.0000,baran
1109,ounces,12,1.0000,baran
1110,ounces,12,1.0000,baran
1111,ounces,12,1.0000,baran
1112,ounces,12,1.0000,baran
1113,ounces,12,1.0000,baran
1114,ounces,12,1.0000,baran
1115,ounces,12,1.0000,baran
1116,ounces,12,1.0000,baran
1117,ounces,12,1.0000,baran
1118,ounces,16,1.0000,baran
1119,ounces,16,1.0000,baran
1120,ounces,12,1.0000,baran
1121,ounces,16,1.0000,baran
1122,ounces,12,1.0000,baran
1123,ounces,12,1.0000,baran
1124,ounces,12,1.0000,baran
1125,ounces,12,1.0000,baran
1126,ounces,12,1.0000,baran
1127,ounces,12,1.0000,baran
1128,ounces,12,1.0000,baran
1129,ounces,12,1.0000,baran
1130,ounces,12,1.0000,baran
1131,ounces,12,1.0000,baran
1132,ounces,12,1.0000,baran
1133,ounces,12,1.0000,baran
1134,ounces,12,1.0000,baran
1135,ounces,12,1.0000,baran
1136,ounces,12,1.0000,baran
1137,ounces,12,1.0000,baran
1138,ounces,12,1.0000,baran
1139,ounces,12,1.0000,baran
1140,ounces,12,1.0000,baran
1141,ounces,12,1.0000,baran
1142,ounces,12,1.0000,baran
1143,ounces,12,1.0000,baran
1144,ounces,12,1.0000,baran
1145,ounces,12,1.0000,baran
1146,ounces,12,1.0000,baran
1147,ounces,12,1.0000,baran
1148,ounces,12,1.0000,baran
1149,ounces,12,1.0000,baran
1150,ounces,12,1.0000,baran
1151,ounces,12,1.0000,baran
1152,ounces,12,1.0000,baran
1153,ounces,12,1.0000,baran
1154,ounces,12,1.0000,baran
1155,ounces,12,1.0000,baran
1156,ounces,12,1.0000,baran
1157,ounces,12,1.0000,baran
1158,ounces,12,1.0000,baran
1159,ounces,12,1.0000,baran
1160,ounces,12,1.0000,baran
1161,ounces,12,1.0000,baran
1162,ounces,16,1.0000,baran
1163,ounces,16,1.0000,baran
1164,ounces,16,1.0000,baran
1165,ounces,16,1.0000,baran
1166,ounces,16,1.0000,baran
1167,ounces,16,1.0000,baran
1168,ounces,12,1.0000,baran
1169,ounces,12,1.0000,baran
1170,ounces,12,1.0000,baran
1171,ounces,12,1.0000,baran
1172,ounces,12,1.0000,baran
1173,ounces,12,1.0000,baran
1174,ounces,12,1.0000,baran
1175,ounces,12,1.0000,baran
1176,ounces,12,1.0000,baran
1177,ounces,12,1.0000,baran
1178,ounces,12,1.0000,baran
1179,ounces,12,1.0000,baran
1180,ounces,16,1.0000,baran
1181,ounces,16,1.0000,baran
1182,ounces,24,1.0000,baran
1183,ounces,16,1.0000,baran
1184,ounces,12,1.0000,baran
1185,ounces,12,1.0000,baran
1186,ounces,12,1.0000,baran
1187,ounces,16,1.0000,baran
1188,ounces,16,1.0000,baran
1189,ounces,16,1.0000,baran
1190,ounces,12,1.0000,baran
1191,ounces,12,1.0000,baran
1192,ounces,12,1.0000,baran
1193,ounces,12,1.0000,baran
1194,ounces,12,1.0000,baran
1195,ounces,12,1.0000,baran
1196,ounces,12,1.0000,baran
1197,ounces,12,1.0000,baran
1198,ounces,12,1.0000,baran
1199,ounces,12,1.0000,baran
1200,ounces,12,1.0000,baran
1201,ounces,16,1.0000,baran
1202,ounces,12,1.0000,baran
1203,ounces,12,1.0000,baran
1204,ounces,12,1.0000,baran
1205,ounces,12,1.0000,baran
1206,ounces,12,1.0000,baran
1207,ounces,16,1.0000,baran
1208,ounces,16,1.0000,baran
1209,ounces,12,1.0000,baran
1210,ounces,12,1.0000,baran
1211,ounces,12,1.0000,baran
1212,ounces,12,1.0000,baran
1213,ounces,12,1.0000,baran
1214,ounces,12,1.0000,baran
1215,ounces,16,1.0000,baran
1216,ounces,12,1.0000,baran
1217,ounces,12,1.0000,baran
1218,ounces,12,1.0000,baran
1219,ounces,12,1.0000,baran
1220,ounces,12,1.0000,baran
1221,ounces,16,1.0000,baran
1222,ounces,12,1.0000,baran
1223,ounces,12,1.0000,baran
1224,ounces,16,1.0000,baran
1225,ounces,16,1.0000,baran
1226,ounces,16,1.0000,baran
1227,ounces,16,1.0000,baran
1228,ounces,12,1.0000,baran
1229,ounces,12,1.0000,baran
1230,ounces,16,1.0000,baran
1231,ounces,16,1.0000,baran
1232,ounces,16,1.0000,baran
1233,ounces,16,1.0000,baran
1234,ounces,12,1.0000,baran
1235,ounces,12,1.0000,baran
1236,ounces,16,1.0000,baran
1237,ounces,12,1.0000,baran
1238,ounces,12,1.0000,baran
1239,ounces,12,1.0000,baran
1240,ounces,12,1.0000,baran
1241,ounces,12,1.0000,baran
1242,ounces,12,1.0000,baran
1243,ounces,12,1.0000,baran
1244,ounces,12,1.0000,baran
1245,ounces,12,1.0000,baran
1246,ounces,12,1.0000,baran
1247,ounces,16,1.0000,baran
1248,ounces,12,1.0000,baran
1249,ounces,12,1.0000,baran
1250,ounces,12,1.0000,baran
1251,ounces,12,1.0000,baran
1252,ounces,12,1.0000,baran
1253,ounces,16,1.0000,baran
1254,ounces,12,1.0000,baran
1255,ounces,12,1.0000,baran
1256,ounces,12,1.0000,baran
1257,ounces,12,1.0000,baran
1258,ounces,12,1.0000,baran
1259,ounces,12,1.0000,baran
1260,ounces,12,1.0000,baran
1261,ounces,12,1.0000,baran
1262,ounces,12,1.0000,baran
1263,ounces,12,1.0000,baran
1264,ounces,12,1.0000,baran
1265,ounces,12,1.0000,baran
1266,ounces,12,1.0000,baran
1267,ounces,12,1.0000,baran
1268,ounces,12,1.0000,baran
1269,ounces,12,1.0000,baran
1270,ounces,12,1.0000,baran
1271,ounces,12,1.0000,baran
1272,ounces,12,1.0000,baran
1273,ounces,12,1.0000,baran
1274,ounces,12,1.0000,baran
1275,ounces,12,1.0000,baran
1276,ounces,16,1.0000,baran
1277,ounces,16,1.0000,baran
1278,ounces,16,1.0000,baran
1279,ounces,16,1.0000,baran
1280,ounces,16,1.0000,baran
1281,ounces,12,1.0000,baran
1282,ounces,12,1.0000,baran
1283,ounces,12,1.0000,baran
1284,ounces,12,1.0000,baran
1285,ounces,12,1.0000,baran
1286,ounces,12,1.0000,baran
1287,ounces,12,1.0000,baran
1289,ounces,12,1.0000,baran
1290,ounces,12,1.0000,baran
1291,ounces,16,1.0000,baran
1292,ounces,12,1.0000,baran
1293,ounces,12,1.0000,baran
1294,ounces,12,1.0000,baran
1295,ounces,12,1.0000,baran
1296,ounces,12,1.0000,baran
1297,ounces,12,1.0000,baran
1298,ounces,12,1.0000,baran
1299,ounces,12,1.0000,baran
1300,ounces,12,1.0000,baran
1301,ounces,16,1.0000,baran
1302,ounces,12,1.0000,baran
1303,ounces,12,1.0000,baran
1304,ounces,12,1.0000,baran
1305,ounces,12,1.0000,baran
1306,ounces,12,1.0000,baran
1307,ounces,12,1.0000,baran
1308,ounces,12,1.0000,baran
1309,ounces,12,1.0000,baran
1310,ounces,12,1.0000,baran
1311,ounces,12,1.0000,baran
1312,ounces,12,1.0000,baran
1313,ounces,12,1.0000,baran
1314,ounces,12,1.0000,baran
1315,ounces,12,1.0000,baran
1316,ounces,12,1.0000,baran
1317,ounces,16,1.0000,baran
1318,ounces,16,1.0000,baran
1319,ounces,16,1.0000,baran
1320,ounces,19,1.0000,baran
1321,ounces,12,1.0000,baran
1322,ounces,12,1.0000,baran
1323,ounces,12,1.0000,baran
1324,ounces,12,1.0000,baran
1325,ounces,12,1.0000,baran
1326,ounces,12,1.0000,baran
1327,ounces,12,1.0000,baran
1328,ounces,12,1.0000,baran
1329,ounces,12,1.0000,baran
1330,ounces,12,1.0000,baran
1331,ounces,12,1.0000,baran
1332,ounces,12,1.0000,baran
1333,ounces,12,1.0000,baran
1334,ounces,12,1.0000,baran
1335,ounces,12,1.0000,baran
1336,ounces,16,1.0000,baran
1337,ounces,16,1.0000,baran
1338,ounces,16,1.0000,baran
1339,ounces,16,1.0000,baran
1340,ounces,16,1.0000,baran
1341,ounces,16,1.0000,baran
1342,ounces,24,1.0000,baran
1343,ounces,24,1.0000,baran
1344,ounces,24,1.0000,baran
1345,ounces,24,1.0000,baran
1346,ounces,24,1.0000,baran
1347,ounces,12,1.0000,baran
1348,ounces,24,1.0000,baran
1349,ounces,24,1.0000,baran
1350,ounces,12,1.0000,baran
1351,ounces,12,1.0000,baran
1352,ounces,16,1.0000,baran
1353,ounces,16,1.0000,baran
1354,ounces,16,1.0000,baran
1355,ounces,16,1.0000,baran
1356,ounces,16,1.0000,baran
1357,ounces,16,1.0000,baran
1358,ounces,16,1.0000,baran
1359,ounces,16,1.0000,baran
1360,ounces,16,1.0000,baran
1361,ounces,16,1.0000,baran
1362,ounces,24,1.0000,baran
1363,ounces,16,1.0000,baran
1364,ounces,12,1.0000,baran
1365,ounces,12,1.0000,baran
1366,ounces,16,1.0000,baran
1367,ounces,12,1.0000,baran
1368,ounces,16,1.0000,baran
1369,ounces,12,1.0000,baran
1370,ounces,12,1.0000,baran
1371,ounces,24,1.0000,baran
1372,ounces,12,1.0000,baran
1373,ounces,12,1.0000,baran
1374,ounces,12,1.0000,baran
1375,ounces,12,1.0000,baran
1376,ounces,32,1.0000,baran
1377,ounces,32,1.0000,baran
1378,ounces,32,1.0000,baran
1379,ounces,16,1.0000,baran
1380,ounces,16,1.0000,baran
1381,ounces,16,1.0000,baran
1382,ounces,16,1.0000,baran
1383,ounces,24,1.0000,baran
1384,ounces,16,1.0000,baran
1385,ounces,12,1.0000,baran
1386,ounces,16,1.0000,baran
1387,ounces,16,1.0000,baran
1388,ounces,16,1.0000,baran
1389,ounces,16,1.0000,baran
1390,ounces,16,1.0000,baran
1391,ounces,16,1.0000,baran
1392,ounces,16,1.0000,baran
1393,ounces,16,1.0000,baran
1394,ounces,12,1.0000,baran
1395,ounces,16,1.0000,baran
1396,ounces,16,1.0000,baran
1397,ounces,16,1.0000,baran
1398,ounces,12,1.0000,baran
1399,ounces,12,1.0000,baran
1400,ounces,12,1.0000,baran
1401,ounces,12,1.0000,baran
1402,ounces,12,1.0000,baran
1403,ounces,12,1.0000,baran
1404,ounces,12,1.0000,baran
1405,ounces,12,1.0000,baran
1406,ounces,12,1.0000,baran
1407,ounces,12,1.0000,baran
1408,ounces,12,1.0000,baran
1409,ounces,12,1.0000,baran
1410,ounces,16,1.0000,baran
1411,ounces,12,1.0000,baran
1412,ounces,12,1.0000,baran
1413,ounces,12,1.0000,baran
1414,ounces,12,1.0000,baran
1415,ounces,12,1.0000,baran
1416,ounces,12,1.0000,baran
1417,ounces,12,1.0000,baran
1418,ounces,12,1.0000,baran
1419,ounces,12,1.0000,baran
1420,ounces,12,1.0000,baran
1421,ounces,16,1.0000,baran
1422,ounces,16,1.0000,baran
1423,ounces,16,1.0000,baran
1424,ounces,16,1.0000,baran
1425,ounces,12,1.0000,baran
1426,ounces,16,1.0000,baran
1427,ounces,16,1.0000,baran
1428,ounces,16,1.0000,baran
1429,ounces,16,1.0000,baran
1430,ounces,12,1.0000,baran
1431,ounces,16,1.0000,baran
1432,ounces,16,1.0000,baran
1433,ounces,16,1.0000,baran
1434,ounces,16,1.0000,baran
1435,ounces,16,1.0000,baran
1436,ounces,16,1.0000,baran
1437,ounces,12,1.0000,baran
1438,ounces,12,1.0000,baran
1439,ounces,12,1.0000,baran
1440,ounces,12,1.0000,baran
1441,ounces,16,1.0000,baran
1442,ounces,12,1.0000,baran
1443,ounces,12,1.0000,baran
1444,ounces,12,1.0000,baran
1445,ounces,12,1.0000,baran
1446,ounces,12,1.0000,baran
1447,ounces,12,1.0000,baran
1448,ounces,12,1.0000,baran
1449,ounces,12,1.0000,baran
1450,ounces,16,1.0000,baran
1451,ounces,12,1.0000,baran
1452,ounces,12,1.0000,baran
1453,ounces,12,1.0000,baran
1454,ounces,12,1.0000,baran
1455,ounces,16,1.0000,baran
1456,ounces,16,1.0000,baran
1457,ounces,16,1.0000,baran
1458,ounces,12,1.0000,baran
1459,ounces,12,1.0000,baran
1460,ounces,12,1.0000,baran
1461,ounces,12,1.0000,baran
1462,ounces,12,1.0000,baran
1463,ounces,12,1.0000,baran
1464,ounces,12,1.0000,baran
1465,ounces,12,1.0000,baran
1466,ounces,12,1.0000,baran
1467,ounces,16,1.0000,baran
1468,ounces,16,1.0000,baran
1469,ounces,12,1.0000,baran
1470,ounces,12,1.0000,baran
1471,ounces,12,1.0000,baran
1472,ounces,12,1.0000,baran
1473,ounces,16,1.0000,baran
1474,ounces,16,1.0000,baran
1475,ounces,16,1.0000,baran
1476,ounces,12,1.0000,baran
1477,ounces,12,1.0000,baran
1478,ounces,12,1.0000,baran
1479,ounces,12,1.0000,baran
1480,ounces,12,1.0000,baran
1481,ounces,12,1.0000,baran
1482,ounces,12,1.0000,baran
1483,ounces,12,1.0000,baran
1484,ounces,12,1.0000,baran
1485,ounces,12,1.0000,baran
1486,ounces,12,1.0000,baran
1487,ounces,16,1.0000,baran
1488,ounces,16,1.0000,baran
1489,ounces,16,1.0000,baran
1490,ounces,12,1.0000,baran
1491,ounces,12,1.0000,baran
1492,ounces,12,1.0000,baran
1493,ounces,12,1.0000,baran
1494,ounces,16,1.0000,baran
1495,ounces,16,1.0000,baran
1496,ounces,16,1.0000,baran
1497,ounces,16,1.0000,baran
1498,ounces,16,1.0000,baran
1499,ounces,16,1.0000,baran
1500,ounces,16,1.0000,baran
1501,ounces,16,1.0000,baran
1502,ounces,16,1.0000,baran
1503,ounces,12,1.0000,baran
1504,ounces,12,1.0000,baran
1505,ounces,12,1.0000,baran
1506,ounces,12,1.0000,baran
1507,ounces,12,1.0000,baran
1508,ounces,12,1.0000,baran
1509,ounces,12,1.0000,baran
1510,ounces,12,1.0000,baran
1511,ounces,12,1.0000,baran
1512,ounces,12,1.0000,baran
1513,ounces,12,1.0000,baran
1514,ounces,16,1.0000,baran
1515,ounces,12,1.0000,baran
1516,ounces,12,1.0000,baran
1517,ounces,12,1.0000,baran
1518,ounces,16,1.0000,baran
1519,ounces,16,1.0000,baran
1520,ounces,16,1.0000,baran
1521,ounces,16,1.0000,baran
1522,ounces,12,1.0000,baran
1523,ounces,12,1.0000,baran
1524,ounces,12,1.0000,baran
1525,ounces,12,1.0000,baran
1526,ounces,12,1.0000,baran
1527,ounces,12,1.0000,baran
1528,ounces,12,1.0000,baran
1529,ounces,16,1.0000,baran
1530,ounces,16,1.0000,baran
1531,ounces,16,1.0000,baran
1532,ounces,16,1.0000,baran
1533,ounces,16,1.0000,baran
1534,ounces,16,1.0000,baran
1535,ounces,16,1.0000,baran
1536,ounces,16,1.0000,baran
1537,ounces,16,1.0000,baran
1538,ounces,16,1.0000,baran
1539,ounces,16,1.0000,baran
1540,ounces,16,1.0000,baran
1541,ounces,16,1.0000,baran
1542,ounces,16,1.0000,baran
1543,ounces,16,1.0000,baran
1544,ounces,16,1.0000,baran
1545,ounces,16,1.0000,baran
1546,ounces,16,1.0000,baran
1547,ounces,16,1.0000,baran
1548,ounces,16,1.0000,baran
1549,ounces,16,1.0000,baran
1550,ounces,12,1.0000,baran
1551,ounces,12,1.0000,baran
1552,ounces,16,1.0000,baran
1553,ounces,16,1.0000,baran
1554,ounces,16,1.0000,baran
1555,ounces,16,1.0000,baran
1556,ounces,16,1.0000,baran
1557,ounces,16,1.0000,baran
1558,ounces,16,1.0000,baran
1559,ounces,16,1.0000,baran
1560,ounces,16,1.0000,baran
1561,ounces,16,1.0000,baran
1562,ounces,16,1.0000,baran
1563,ounces,16,1.0000,baran
1564,ounces,16,1.0000,baran
1565,ounces,16,1.0000,baran
1566,ounces,16,1.0000,baran
1567,ounces,16,1.0000,baran
1568,ounces,16,1.0000,baran
1569,ounces,16,1.0000,baran
1570,ounces,16,1.0000,baran
1571,ounces,16,1.0000,baran
1572,ounces,16,1.0000,baran
1573,ounces,16,1.0000,baran
1574,ounces,16,1.0000,baran
1575,ounces,16,1.0000,baran
1576,ounces,16,1.0000,baran
1577,ounces,16,1.0000,baran
1578,ounces,16,1.0000,baran
1579,ounces,16,1.0000,baran
1580,ounces,16,1.0000,baran
1581,ounces,16,1.0000,baran
1582,ounces,16,1.0000,baran
1583,ounces,16,1.0000,baran
1584,ounces,16,1.0000,baran
1585,ounces,12,1.0000,baran
1586,ounces,12,1.0000,baran
1587,ounces,12,1.0000,baran
1588,ounces,12,1.0000,baran
1589,ounces,12,1.0000,baran
1590,ounces,12,1.0000,baran
1591,ounces,12,1.0000,baran
1592,ounces,12,1.0000,baran
1593,ounces,12,1.0000,baran
1594,ounces,12,1.0000,baran
1595,ounces,12,1.0000,baran
1596,ounces,12,1.0000,baran
1597,ounces,12,1.0000,baran
1598,ounces,12,1.0000,baran
1599,ounces,12,1.0000,baran
1600,ounces,16,1.0000,baran
1601,ounces,12,1.0000,baran
1602,ounces,19,1.0000,baran
1603,ounces,12,1.0000,baran
1604,ounces,12,1.0000,baran
1605,ounces,12,1.0000,baran
1606,ounces,12,1.0000,baran
1607,ounces,12,1.0000,baran
1608,ounces,12,1.0000,baran
1609,ounces,16,1.0000,baran
1610,ounces,16,1.0000,baran
1611,ounces,16,1.0000,baran
1612,ounces,16,1.0000,baran
1613,ounces,16,1.0000,baran
1614,ounces,12,1.0000,baran
1615,ounces,12,1.0000,baran
1616,ounces,12,1.0000,baran
1617,ounces,12,1.0000,baran
1618,ounces,12,1.0000,baran
1619,ounces,12,1.0000,baran
1620,ounces,12,1.0000,baran
1621,ounces,12,1.0000,baran
1622,ounces,12,1.0000,baran
1623,ounces,12,1.0000,baran
1624,ounces,12,1.0000,baran
1625,ounces,12,1.0000,baran
1626,ounces,12,1.0000,baran
1627,ounces,12,1.0000,baran
1628,ounces,12,1.0000,baran
1629,ounces,12,1.0000,baran
1630,ounces,12,1.0000,baran
1631,ounces,12,1.0000,baran
1632,ounces,12,1.0000,baran
1633,ounces,12,1.0000,baran
1634,ounces,12,1.0000,baran
1635,ounces,12,1.0000,baran
1636,ounces,12,1.0000,baran
1637,ounces,12,1.0000,baran
1638,ounces,12,1.0000,baran
1639,ounces,12,1.0000,baran
1640,ounces,12,1.0000,baran
1641,ounces,16,1.0000,baran
1642,ounces,16,1.0000,baran
1643,ounces,16,1.0000,baran
1644,ounces,12,1.0000,baran
1645,ounces,12,1.0000,baran
1646,ounces,16,1.0000,baran
1647,ounces,16,1.0000,baran
1648,ounces,12,1.0000,baran
1649,ounces,12,1.0000,baran
1650,ounces,12,1.0000,baran
1651,ounces,16,1.0000,baran
1652,ounces,16,1.0000,baran
1653,ounces,16,1.0000,baran
1654,ounces,16,1.0000,baran
1655,ounces,16,1.0000,baran
1656,ounces,16,1.0000,baran
1657,ounces,16,1.0000,baran
1658,ounces,16,1.0000,baran
1659,ounces,16,1.0000,baran
1660,ounces,12,1.0000,baran
1661,ounces,12,1.0000,baran
1662,ounces,16,1.0000,baran
1663,ounces,16,1.0000,baran
1664,ounces,16,1.0000,baran
1665,ounces,12,1.0000,baran
1666,ounces,12,1.0000,baran
1667,ounces,12,1.0000,baran
1668,ounces,12,1.0000,baran
1669,ounces,12,1.0000,baran
1670,ounces,12,1.0000,baran
1671,ounces,12,1.0000,baran
1672,ounces,12,1.0000,baran
1673,ounces,12,1.0000,baran
1674,ounces,12,1.0000,baran
1675,ounces,12,1.0000,baran
1676,ounces,12,1.0000,baran
1677,ounces,12,1.0000,baran
1678,ounces,16,1.0000,baran
1679,ounces,12,1.0000,baran
1680,ounces,12,1.0000,baran
1681,ounces,12,1.0000,baran
1682,ounces,12,1.0000,baran
1683,ounces,12,1.0000,baran
1684,ounces,12,1.0000,baran
1685,ounces,12,1.0000,baran
1686,ounces,12,1.0000,baran
1687,ounces,12,1.0000,baran
1688,ounces,12,1.0000,baran
1689,ounces,12,1.0000,baran
1690,ounces,12,1.0000,baran
1691,ounces,12,1.0000,baran
1692,ounces,12,1.0000,baran
1693,ounces,12,1.0000,baran
1694,ounces,16,1.0000,baran
1695,ounces,16,1.0000,baran
1696,ounces,16,1.0000,baran
1697,ounces,16,1.0000,baran
1698,ounces,16,1.0000,baran
1699,ounces,16,1.0000,baran
1700,ounces,16,1.0000,baran
1701,ounces,12,1.0000,baran
1702,ounces,12,1.0000,baran
1703,ounces,16,1.0000,baran
1704,ounces,16,1.0000,baran
1705,ounces,16,1.0000,baran
1706,ounces,16,1.0000,baran
1707,ounces,16,1.0000,baran
1708,ounces,16,1.0000,baran
1709,ounces,16,1.0000,baran
1710,ounces,16,1.0000,baran
1711,ounces,16,1.0000,baran
1712,ounces,16,1.0000,baran
1713,ounces,16,1.0000,baran
1714,ounces,16,1.0000,baran
1715,ounces,16,1.0000,baran
1716,ounces,16,1.0000,baran
1717,ounces,16,1.0000,baran
1718,ounces,16,1.0000,baran
1719,ounces,12,1.0000,baran
1720,ounces,12,1.0000,baran
1721,ounces,12,1.0000,baran
1722,ounces,12,1.0000,baran
1723,ounces,12,1.0000,baran
1724,ounces,12,1.0000,baran
1725,ounces,12,1.0000,baran
1726,ounces,12,1.0000,baran
1727,ounces,12,1.0000,baran
1728,ounces,12,1.0000,baran
1729,ounces,12,1.0000,baran
1730,ounces,12,1.0000,baran
1731,ounces,12,1.0000,baran
1732,ounces,12,1.0000,baran
1733,ounces,12,1.0000,baran
1734,ounces,12,1.0000,baran
1735,ounces,12,1.0000,baran
1736,ounces,12,1.0000,baran
1737,ounces,12,1.0000,baran
1738,ounces,16,1.0000,baran
1739,ounces,16,1.0000,baran
1740,ounces,16,1.0000,baran
1741,ounces,16,1.0000,baran
1742,ounces,16,1.0000,baran
1743,ounces,16,1.0000,baran
1744,ounces,12,1.0000,baran
1745,ounces,12,1.0000,baran
1746,ounces,12,1.0000,baran
1747,ounces,12,1.0000,baran
1748,ounces,12,1.0000,baran
1749,ounces,12,1.0000,baran
1750,ounces,12,1.0000,baran
1751,ounces,12,1.0000,baran
1752,ounces,12,1.0000,baran
1753,ounces,12,1.0000,baran
1754,ounces,12,1.0000,baran
1755,ounces,12,1.0000,baran
1756,ounces,12,1.0000,baran
1757,ounces,12,1.0000,baran
1758,ounces,12,1.0000,baran
1759,ounces,16,1.0000,baran
1760,ounces,16,1.0000,baran
1761,ounces,16,1.0000,baran
1762,ounces,16,1.0000,baran
1763,ounces,16,1.0000,baran
1764,ounces,16,1.0000,baran
1765,ounces,16,1.0000,baran
1766,ounces,16,1.0000,baran
1767,ounces,16,1.0000,baran
1768,ounces,16,1.0000,baran
1769,ounces,16,1.0000,baran
1770,ounces,16,1.0000,baran
1771,ounces,12,1.0000,baran
1772,ounces,12,1.0000,baran
1773,ounces,12,1.0000,baran
1774,ounces,12,1.0000,baran
1775,ounces,12,1.0000,baran
1776,ounces,12,1.0000,baran
1777,ounces,12,1.0000,baran
1778,ounces,12,1.0000,baran
1779,ounces,12,1.0000,baran
1780,ounces,12,1.0000,baran
1781,ounces,16,1.0000,baran
1782,ounces,16,1.0000,baran
1783,ounces,12,1.0000,baran
1784,ounces,12,1.0000,baran
1785,ounces,12,1.0000,baran
1786,ounces,12,1.0000,baran
1787,ounces,12,1.0000,baran
1788,ounces,16,1.0000,baran
1789,ounces,16,1.0000,baran
1790,ounces,12,1.0000,baran
1791,ounces,12,1.0000,baran
1792,ounces,12,1.0000,baran
1793,ounces,12,1.0000,baran
1794,ounces,12,1.0000,baran
1795,ounces,12,1.0000,baran
1796,ounces,12,1.0000,baran
1797,ounces,12,1.0000,baran
1798,ounces,12,1.0000,baran
1799,ounces,12,1.0000,baran
1800,ounces,12,1.0000,baran
1801,ounces,12,1.0000,baran
1802,ounces,12,1.0000,baran
1803,ounces,12,1.0000,baran
1804,ounces,12,1.0000,baran
1805,ounces,12,1.0000,baran
1806,ounces,12,1.0000,baran
1807,ounces,12,1.0000,baran
1808,ounces,16,1.0000,baran
1809,ounces,12,1.0000,baran
1810,ounces,16,1.0000,baran
1811,ounces,12,1.0000,baran
1812,ounces,12,1.0000,baran
1813,ounces,12,1.0000,baran
1814,ounces,12,1.0000,baran
1815,ounces,12,1.0000,baran
1816,ounces,12,1.0000,baran
1817,ounces,12,1.0000,baran
1818,ounces,16,1.0000,baran
1819,ounces,12,1.0000,baran
1820,ounces,12,1.0000,baran
1821,ounces,12,1.0000,baran
1822,ounces,12,1.0000,baran
1823,ounces,12,1.0000,baran
1824,ounces,12,1.0000,baran
1825,ounces,12,1.0000,baran
1826,ounces,12,1.0000,baran
1827,ounces,12,1.0000,baran
1828,ounces,12,1.0000,baran
1829,ounces,12,1.0000,baran
1830,ounces,16,1.0000,baran
1831,ounces,16,1.0000,baran
1832,ounces,16,1.0000,baran
1833,ounces,16,1.0000,baran
1834,ounces,16,1.0000,baran
1835,ounces,16,1.0000,baran
1836,ounces,16,1.0000,baran
1837,ounces,16,1.0000,baran
1838,ounces,16,1.0000,baran
1839,ounces,12,1.0000,baran
1840,ounces,12,1.0000,baran
1841,ounces,12,1.0000,baran
1842,ounces,12,1.0000,baran
1843,ounces,12,1.0000,baran
1844,ounces,12,1.0000,baran
1845,ounces,12,1.0000,baran
1846,ounces,12,1.0000,baran
1847,ounces,12,1.0000,baran
1848,ounces,12,1.0000,baran
1849,ounces,16,1.0000,baran
1850,ounces,12,1.0000,baran
1851,ounces,12,1.0000,baran
1852,ounces,16,1.0000,baran
1853,ounces,16,1.0000,baran
1854,ounces,16,1.0000,baran
1855,ounces,12,1.0000,baran
1856,ounces,12,1.0000,baran
1857,ounces,12,1.0000,baran
1858,ounces,12,1.0000,baran
1859,ounces,12,1.0000,baran
1860,ounces,12,1.0000,baran
1861,ounces,16,1.0000,baran
1862,ounces,24,1.0000,baran
1863,ounces,12,1.0000,baran
1864,ounces,12,1.0000,baran
1865,ounces,12,1.0000,baran
1866,ounces,16,1.0000,baran
1867,ounces,16,1.0000,baran
1868,ounces,16,1.0000,baran
1869,ounces,16,1.0000,baran
1870,ounces,16,1.0000,baran
1871,ounces,12,1.0000,baran
1872,ounces,16,1.0000,baran
1873,ounces,16,1.0000,baran
1874,ounces,16,1.0000,baran
1875,ounces,12,1.0000,baran
1876,ounces,16,1.0000,baran
1877,ounces,16,1.0000,baran
1878,ounces,16,1.0000,baran
1879,ounces,16,1.0000,baran
1880,ounces,16,1.0000,baran
1881,ounces,16,1.0000,baran
1882,ounces,12,1.0000,baran
1883,ounces,12,1.0000,baran
1884,ounces,12,1.0000,baran
1885,ounces,12,1.0000,baran
1886,ounces,12,1.0000,baran
1887,ounces,12,1.0000,baran
1888,ounces,12,1.0000,baran
1889,ounces,12,1.0000,baran
1890,ounces,12,1.0000,baran
1891,ounces,12,1.0000,baran
1892,ounces,12,1.0000,baran
1893,ounces,12,1.0000,baran
1894,ounces,12,1.0000,baran
1895,ounces,12,1.0000,baran
1896,ounces,24,1.0000,baran
1897,ounces,24,1.0000,baran
1898,ounces,12,1.0000,baran
1899,ounces,12,1.0000,baran
1900,ounces,12,1.0000,baran
1901,ounces,12,1.0000,baran
1902,ounces,12,1.0000,baran
1903,ounces,12,1.0000,baran
1904,ounces,12,1.0000,baran
1905,ounces,12,1.0000,baran
1906,ounces,12,1.0000,baran
1907,ounces,12,1.0000,baran
1908,ounces,12,1.0000,baran
1909,ounces,12,1.0000,baran
1910,ounces,12,1.0000,baran
1911,ounces,12,1.0000,baran
1912,ounces,12,1.0000,baran
1913,ounces,12,1.0000,baran
1914,ounces,12,1.0000,baran
1915,ounces,12,1.0000,baran
1916,ounces,16,1.0000,baran
1917,ounces,12,1.0000,baran
1918,ounces,12,1.0000,baran
1919,ounces,12,1.0000,baran
1920,ounces,12,1.0000,baran
1921,ounces,12,1.0000,baran
1922,ounces,12,1.0000,baran
1923,ounces,12,1.0000,baran
1924,ounces,12,1.0000,baran
1925,ounces,12,1.0000,baran
1926,ounces,16,1.0000,baran
1927,ounces,12,1.0000,baran
1928,ounces,12,1.0000,baran
1929,ounces,16,1.0000,baran
1930,ounces,16,1.0000,baran
1931,ounces,12,1.0000,baran
1932,ounces,12,1.0000,baran
1933,ounces,12,1.0000,baran
1934,ounces,12,1.0000,baran
1935,ounces,12,1.0000,baran
1936,ounces,12,1.0000,baran
1937,ounces,16,1.0000,baran
1938,ounces,12,1.0000,baran
1939,ounces,16,1.0000,baran
1940,ounces,12,1.0000,baran
1941,ounces,16,1.0000,baran
1942,ounces,16,1.0000,baran
1943,ounces,12,1.0000,baran
1944,ounces,16,1.0000,baran
1945,ounces,16,1.0000,baran
1946,ounces,16,1.0000,baran
1947,ounces,16,1.0000,baran
1948,ounces,12,1.0000,baran
1949,ounces,12,1.0000,baran
1950,ounces,12,1.0000,baran
1951,ounces,16,1.0000,baran
1952,ounces,16,1.0000,baran
1953,ounces,12,1.0000,baran
1954,ounces,16,1.0000,baran
1955,ounces,12,1.0000,baran
1956,ounces,12,1.0000,baran
1957,ounces,12,1.0000,baran
1958,ounces,12,1.0000,baran
1959,ounces,12,1.0000,baran
1960,ounces,12,1.0000,baran
1961,ounces,12,1.0000,baran
1962,ounces,16,1.0000,baran
1963,ounces,12,1.0000,baran
1964,ounces,12,1.0000,baran
1965,ounces,12,1.0000,baran
1966,ounces,12,1.0000,baran
1967,ounces,16,1.0000,baran
1968,ounces,12,1.0000,baran
1969,ounces,12,1.0000,baran
1970,ounces,16,1.0000,baran
1971,ounces,16,1.0000,baran
1972,ounces,16,1.0000,baran
1973,ounces,16,1.0000,baran
1974,ounces,16,1.0000,baran
1975,ounces,16,1.0000,baran
1976,ounces,16,1.0000,baran
1977,ounces,12,1.0000,baran
1978,ounces,16,1.0000,baran
1979,ounces,12,1.0000,baran
1980,ounces,12,1.0000,baran
1981,ounces,12,1.0000,baran
1982,ounces,12,1.0000,baran
1983,ounces,12,1.0000,baran
1984,ounces,12,1.0000,baran
1985,ounces,12,1.0000,baran
1986,ounces,16,1.0000,baran
1987,ounces,12,1.0000,baran
1988,ounces,16,1.0000,baran
1989,ounces,12,1.0000,baran
1990,ounces,12,1.0000,baran
1991,ounces,12,1.0000,baran
1992,ounces,12,1.0000,baran
1993,ounces,12,1.0000,baran
1994,ounces,12,1.0000,baran
1995,ounces,12,1.0000,baran
1996,ounces,12,1.0000,baran
1997,ounces,12,1.0000,baran
1998,ounces,12,1.0000,baran
1999,ounces,12,1.0000,baran
2000,ounces,12,1.0000,baran
2001,ounces,12,1.0000,baran
2002,ounces,12,1.0000,baran
2003,ounces,16,1.0000,baran
2004,ounces,12,1.0000,baran
2005,ounces,16,1.0000,baran
2006,ounces,16,1.0000,baran
2007,ounces,12,1.0000,baran
2008,ounces,12,1.0000,baran
2009,ounces,12,1.0000,baran
2010,ounces,12,1.0000,baran
2011,ounces,12,1.0000,baran
2012,ounces,12,1.0000,baran
2013,ounces,12,1.0000,baran
2014,ounces,12,1.0000,baran
2015,ounces,12,1.0000,baran
2016,ounces,12,1.0000,baran
2017,ounces,16,1.0000,baran
2018,ounces,12,1.0000,baran
2019,ounces,12,1.0000,baran
2020,ounces,12,1.0000,baran
2021,ounces,12,1.0000,baran
2022,ounces,12,1.0000,baran
2023,ounces,12,1.0000,baran
2024,ounces,12,1.0000,baran
2025,ounces,12,1.0000,baran
2026,ounces,12,1.0000,baran
2027,ounces,12,1.0000,baran
2028,ounces,12,1.0000,baran
2029,ounces,12,1.0000,baran
2030,ounces,12,1.0000,baran
2031,ounces,16,1.0000,baran
2032,ounces,16,1.0000,baran
2033,ounces,16,1.0000,baran
2034,ounces,16,1.0000,baran
2035,ounces,16,1.0000,baran
2036,ounces,16,1.0000,baran
2037,ounces,16,1.0000,baran
2038,ounces,16,1.0000,baran
2039,ounces,16,1.0000,baran
2040,ounces,16,1.0000,baran
2041,ounces,12,1.0000,baran
2042,ounces,16,1.0000,baran
2043,ounces,16,1.0000,baran
2044,ounces,16,1.0000,baran
2045,ounces,16,1.0000,baran
2046,ounces,16,1.0000,baran
2047,ounces,12,1.0000,baran
2048,ounces,16,1.0000,baran
2049,ounces,16,1.0000,baran
2050,ounces,16,1.0000,baran
2051,ounces,16,1.0000,baran
2052,ounces,16,1.0000,baran
2053,ounces,16,1.0000,baran
2054,ounces,16,1.0000,baran
2055,ounces,16,1.0000,baran
2056,ounces,16,1.0000,baran
2057,ounces,16,1.0000,baran
2058,ounces,16,1.0000,baran
2059,ounces,12,1.0000,baran
2060,ounces,16,1.0000,baran
2061,ounces,16,1.0000,baran
2062,ounces,16,1.0000,baran
2063,ounces,16,1.0000,baran
2064,ounces,16,1.0000,baran
2065,ounces,16,1.0000,baran
2066,ounces,16,1.0000,baran
2067,ounces,16,1.0000,baran
2068,ounces,16,1.0000,baran
2069,ounces,16,1.0000,baran
2070,ounces,16,1.0000,baran
2071,ounces,12,1.0000,baran
2072,ounces,12,1.0000,baran
2073,ounces,16,1.0000,baran
2074,ounces,16,1.0000,baran
2075,ounces,16,1.0000,baran
2076,ounces,16,1.0000,baran
2077,ounces,16,1.0000,baran
2078,ounces,16,1.0000,baran
2079,ounces,16,1.0000,baran
2080,ounces,16,1.0000,baran
2081,ounces,16,1.0000,baran
2082,ounces,16,1.0000,baran
2083,ounces,16,1.0000,baran
2084,ounces,16,1.0000,baran
2085,ounces,12,1.0000,baran
2086,ounces,12,1.0000,baran
2087,ounces,12,1.0000,baran
2088,ounces,12,1.0000,baran
2089,ounces,12,1.0000,baran
2090,ounces,12,1.0000,baran
2091,ounces,12,1.0000,baran
2092,ounces,12,1.0000,baran
2093,ounces,12,1.0000,baran
2094,ounces,12,1.0000,baran
2095,ounces,12,1.0000,baran
2096,ounces,12,1.0000,baran
2097,ounces,12,1.0000,baran
2098,ounces,24,1.0000,baran
2099,ounces,12,1.0000,baran
2100,ounces,24,1.0000,baran
2101,ounces,24,1.0000,baran
2102,ounces,12,1.0000,baran
2103,ounces,12,1.0000,baran
2104,ounces,16,1.0000,baran
2105,ounces,16,1.0000,baran
2106,ounces,16,1.0000,baran
2107,ounces,16,1.0000,baran
2108,ounces,16,1.0000,baran
2109,ounces,16,1.0000,baran
2110,ounces,16,1.0000,baran
2111,ounces,16,1.0000,baran
2112,ounces,16,1.0000,baran
2113,ounces,16,1.0000,baran
2114,ounces,16,1.0000,baran
2115,ounces,16,1.0000,baran
2116,ounces,12,1.0000,baran
2117,ounces,16,1.0000,baran
2118,ounces,16,1.0000,baran
2119,ounces,16,1.0000,baran
2120,ounces,16,1.0000,baran
2121,ounces,16,1.0000,baran
2122,ounces,12,1.0000,baran
2123,ounces,16,1.0000,baran
2124,ounces,16,1.0000,baran
2125,ounces,12,1.0000,baran
2126,ounces,16,1.0000,baran
2127,ounces,16,1.0000,baran
2128,ounces,16,1.0000,baran
2129,ounces,12,1.0000,baran
2130,ounces,12,1.0000,baran
2131,ounces,12,1.0000,baran
2132,ounces,12,1.0000,baran
2133,ounces,12,1.0000,baran
2134,ounces,12,1.0000,baran
2135,ounces,12,1.0000,baran
2136,ounces,12,1.0000,baran
2137,ounces,12,1.0000,baran
2138,ounces,12,1.0000,baran
2139,ounces,12,1.0000,baran
2140,ounces,12,1.0000,baran
2141,ounces,16,1.0000,baran
2142,ounces,16,1.0000,baran
2143,ounces,16,1.0000,baran
2144,ounces,16,1.0000,baran
2145,ounces,12,1.0000,baran
2146,ounces,12,1.0000,baran
2147,ounces,12,1.0000,baran
2148,ounces,12,1.0000,baran
2149,ounces,12,1.0000,baran
2150,ounces,12,1.0000,baran
2151,ounces,12,1.0000,baran
2152,ounces,12,1.0000,baran
2153,ounces,12,1.0000,baran
2154,ounces,16,1.0000,baran
2155,ounces,16,1.0000,baran
2156,ounces,16,1.0000,baran
2157,ounces,16,1.0000,baran
2158,ounces,16,1.0000,baran
2159,ounces,16,1.0000,baran
2160,ounces,16,1.0000,baran
2161,ounces,16,1.0000,baran
2162,ounces,12,1.0000,baran
2163,ounces,12,1.0000,baran
2164,ounces,12,1.0000,baran
2165,ounces,16,1.0000,baran
2166,ounces,12,1.0000,baran
2167,ounces,16,1.0000,baran
2168,ounces,16,1.0000,baran
2169,ounces,12,1.0000,baran
2170,ounces,12,1.0000,baran
2171,ounces,12,1.0000,baran
2172,ounces,12,1.0000,baran
2173,ounces,12,1.0000,baran
2174,ounces,12,1.0000,baran
2175,ounces,12,1.0000,baran
2176,ounces,12,1.0000,baran
2177,ounces,12,1.0000,baran
2178,ounces,12,1.0000,baran
2179,ounces,12,1.0000,baran
2180,ounces,16,1.0000,baran
2181,ounces,16,1.0000,baran
2182,ounces,16,1.0000,baran
2183,ounces,16,1.0000,baran
2184,ounces,12,1.0000,baran
2185,ounces,12,1.0000,baran
2186,ounces,12,1.0000,baran
2187,ounces,12,1.0000,baran
2188,ounces,16,1.0000,baran
2189,ounces,16,1.0000,baran
2190,ounces,16,1.0000,baran
2191,ounces,16,1.0000,baran
2192,ounces,16,1.0000,baran
2193,ounces,16,1.0000,baran
2194,ounces,16,1.0000,baran
2195,ounces,16,1.0000,baran
2196,ounces,16,1.0000,baran
2197,ounces,12,1.0000,baran
2198,ounces,12,1.0000,baran
2199,ounces,12,1.0000,baran
2200,ounces,12,1.0000,baran
2201,ounces,12,1.0000,baran
2202,ounces,12,1.0000,baran
2203,ounces,12,1.0000,baran
2204,ounces,12,1.0000,baran
2205,ounces,12,1.0000,baran
2206,ounces,16,1.0000,baran
2207,ounces,16,1.0000,baran
2208,ounces,12,1.0000,baran
2209,ounces,12,1.0000,baran
2210,ounces,12,1.0000,baran
2211,ounces,12,1.0000,baran
2212,ounces,12,1.0000,baran
2213,ounces,12,1.0000,baran
2214,ounces,16,1.0000,baran
2215,ounces,16,1.0000,baran
2216,ounces,12,1.0000,baran
2217,ounces,16,1.0000,baran
2218,ounces,12,1.0000,baran
2219,ounces,12,1.0000,baran
2220,ounces,16,1.0000,baran
2221,ounces,12,1.0000,baran
2222,ounces,12,1.0000,baran
2223,ounces,12,1.0000,baran
2224,ounces,12,1.0000,baran
2225,ounces,12,1.0000,baran
2226,ounces,12,1.0000,baran
2227,ounces,12,1.0000,baran
2228,ounces,12,1.0000,baran
2229,ounces,12,1.0000,baran
2230,ounces,12,1.0000,baran
2231,ounces,12,1.0000,baran
2232,ounces,12,1.0000,baran
2233,ounces,12,1.0000,baran
2234,ounces,12,1.0000,baran
2235,ounces,12,1.0000,baran
2236,ounces,16,1.0000,baran
2237,ounces,12,1.0000,baran
2238,ounces,12,1.0000,baran
2239,ounces,12,1.0000,baran
2240,ounces,16,1.0000,baran
2241,ounces,12,1.0000,baran
2242,ounces,12,1.0000,baran
2243,ounces,12,1.0000,baran
2244,ounces,12,1.0000,baran
2245,ounces,12,1.0000,baran
2246,ounces,12,1.0000,baran
2247,ounces,12,1.0000,baran
2248,ounces,12,1.0000,baran
2249,ounces,12,1.0000,baran
2250,ounces,12,1.0000,baran
2251,ounces,12,1.0000,baran
2252,ounces,12,1.0000,baran
2253,ounces,12,1.0000,baran
2254,ounces,12,1.0000,baran
2255,ounces,12,1.0000,baran
2256,ounces,12,1.0000,baran
2257,ounces,12,1.0000,baran
2258,ounces,12,1.0000,baran
2259,ounces,12,1.0000,baran
2260,ounces,12,1.0000,baran
2261,ounces,12,1.0000,baran
2262,ounces,16,1.0000,baran
2263,ounces,16,1.0000,baran
2264,ounces,16,1.0000,baran
2265,ounces,16,1.0000,baran
2266,ounces,16,1.0000,baran
2267,ounces,16,1.0000,baran
2268,ounces,16,1.0000,baran
2269,ounces,16,1.0000,baran
2270,ounces,16,1.0000,baran
2271,ounces,16,1.0000,baran
2272,ounces,12,1.0000,baran
2273,ounces,12,1.0000,baran
2274,ounces,12,1.0000,baran
2275,ounces,12,1.0000,baran
2276,ounces,16,1.0000,baran
2277,ounces,12,1.0000,baran
2278,ounces,16,1.0000,baran
2279,ounces,19,1.0000,baran
2280,ounces,19,1.0000,baran
2281,ounces,19,1.0000,baran
2282,ounces,19,1.0000,baran
2283,ounces,19,1.0000,baran
2284,ounces,12,1.0000,baran
2285,ounces,12,1.0000,baran
2286,ounces,19,1.0000,baran
2287,ounces,19,1.0000,baran
2288,ounces,16,1.0000,baran
2289,ounces,16,1.0000,baran
2290,ounces,12,1.0000,baran
2291,ounces,12,1.0000,baran
2292,ounces,12,1.0000,baran
2293,ounces,12,1.0000,baran
2294,ounces,12,1.0000,baran
2295,ounces,12,1.0000,baran
2296,ounces,12,1.0000,baran
2297,ounces,16,1.0000,baran
2298,ounces,12,1.0000,baran
2299,ounces,12,1.0000,baran
2300,ounces,12,1.0000,baran
2301,ounces,12,1.0000,baran
2302,ounces,12,1.0000,baran
2303,ounces,12,1.0000,baran
2304,ounces,12,1.0000,baran
2305,ounces,12,1.0000,baran
2306,ounces,12,1.0000,baran
2307,ounces,16,1.0000,baran
2308,ounces,16,1.0000,baran
2309,ounces,16,1.0000,baran
2310,ounces,16,1.0000,baran
2311,ounces,16,1.0000,baran
2312,ounces,12,1.0000,baran
2313,ounces,12,1.0000,baran
2314,ounces,12,1.0000,baran
2315,ounces,12,1.0000,baran
2316,ounces,12,1.0000,baran
2317,ounces,12,1.0000,baran
2318,ounces,12,1.0000,baran
2319,ounces,12,1.0000,baran
2320,ounces,12,1.0000,baran
2321,ounces,12,1.0000,baran
2322,ounces,12,1.0000,baran
2323,ounces,12,1.0000,baran
2324,ounces,12,1.0000,baran
2325,ounces,12,1.0000,baran
2326,ounces,12,1.0000,baran
2327,ounces,12,1.0000,baran
2328,ounces,12,1.0000,baran
2329,ounces,12,1.0000,baran
2330,ounces,12,1.0000,baran
2331,ounces,16,1.0000,baran
2332,ounces,16,1.0000,baran
2333,ounces,16,1.0000,baran
2334,ounces,16,1.0000,baran
2335,ounces,12,1.0000,baran
2336,ounces,12,1.0000,baran
2337,ounces,12,1.0000,baran
2338,ounces,12,1.0000,baran
2339,ounces,12,1.0000,baran
2340,ounces,12,1.0000,baran
2341,ounces,12,1.0000,baran
2342,ounces,12,1.0000,baran
2343,ounces,12,1.0000,baran
2344,ounces,12,1.0000,baran
2345,ounces,12,1.0000,baran
2346,ounces,16,1.0000,baran
2347,ounces,12,1.0000,baran
2348,ounces,12,1.0000,baran
2349,ounces,12,1.0000,baran
2350,ounces,12,1.0000,baran
2351,ounces,12,1.0000,baran
2352,ounces,12,1.0000,baran
2353,ounces,12,1.0000,baran
2354,ounces,12,1.0000,baran
2355,ounces,12,1.0000,baran
2356,ounces,12,1.0000,baran
2357,ounces,16,1.0000,baran
2358,ounces,12,1.0000,baran
2359,ounces,12,1.0000,baran
2360,ounces,12,1.0000,baran
2361,ounces,12,1.0000,baran
2362,ounces,12,1.0000,baran
2363,ounces,12,1.0000,baran
2364,ounces,12,1.0000,baran
2365,ounces,12,1.0000,baran
2366,ounces,12,1.0000,baran
2367,ounces,12,1.0000,baran
2368,ounces,12,1.0000,baran
2369,ounces,12,1.0000,baran
2370,ounces,12,1.0000,baran
2371,ounces,12,1.0000,baran
2372,ounces,12,1.0000,baran
2373,ounces,12,1.0000,baran
2374,ounces,12,1.0000,baran
2375,ounces,12,1.0000,baran
2376,ounces,16,1.0000,baran
2377,ounces,16,1.0000,baran
2378,ounces,16,1.0000,baran
2379,ounces,16,1.0000,baran
2380,ounces,16,1.0000,baran
2381,ounces,16,1.0000,baran
2382,ounces,12,1.0000,baran
2383,ounces,12,1.0000,baran
2384,ounces,12,1.0000,baran
2385,ounces,12,1.0000,baran
2386,ounces,12,1.0000,baran
2387,ounces,12,1.0000,baran
2388,ounces,12,1.0000,baran
2389,ounces,12,1.0000,baran
2390,ounces,12,1.0000,baran
2391,ounces,12,1.0000,baran
2392,ounces,12,1.0000,baran
2393,ounces,12,1.0000,baran
2394,ounces,12,1.0000,baran
2395,ounces,12,1.0000,baran
2396,ounces,16,1.0000,baran
2397,ounces,12,1.0000,baran
2398,ounces,12,1.0000,baran
2399,ounces,12,1.0000,baran
2400,ounces,12,1.0000,baran
2401,ounces,12,1.0000,baran
2402,ounces,12,1.0000,baran
2403,ounces,12,1.0000,baran
2404,ounces,12,1.0000,baran
2405,ounces,12,1.0000,baran
2406,ounces,12,1.0000,baran
2407,ounces,12,1.0000,baran
2408,ounces,12,1.0000,baran
2409,ounces,12,1.0000,baran
2410,ounces,12,1.0000,baran
1288,abv,0.065,1.0000,baran
27,abv,0.049,1.0000,baran
47,abv,0.062,1.0000,baran
124,abv,0.05,1.0000,baran
218,abv,0.058,1.0000,baran
305,abv,0.056,1.0000,baran
306,abv,0.056,1.0000,baran
372,abv,0.06,1.0000,baran
458,abv,0.068,1.0000,baran
531,abv,0.05,1.0000,baran
534,abv,0.046,1.0000,baran
619,abv,0.055,1.0000,baran
917,abv,0.054,1.0000,baran
975,abv,0.055,1.0000,baran
1035,abv,0.064,1.0000,baran
1044,abv,0.063,1.0000,baran
1059,abv,0.047,1.0000,baran
1079,abv,0.039,1.0000,baran
1080,abv,0.039,1.0000,baran
1082,abv,0.039,1.0000,baran
1083,abv,0.039,1.0000,baran
1085,abv,0.039,1.0000,baran
1087,abv,0.039,1.0000,baran
1182,abv,0.046,1.0000,baran
1183,abv,0.046,1.0000,baran
1255,abv,0.051,1.0000,baran
1284,abv,0.08,1.0000,baran
1289,abv,0.065,1.0000,baran
1369,abv,0.055,1.0000,baran
1427,abv,0.042,1.0000,baran
1446,abv,0.05,1.0000,baran
1452,abv,0.052,1.0000,baran
1456,abv,0.065,1.0000,baran
1517,abv,0.045,1.0000,baran
1574,abv,0.08,1.0000,baran
1670,abv,0.059,1.0000,baran
1697,abv,0.047,1.0000,baran
1781,abv,0.073,1.0000,baran
1884,abv,0.068,1.0000,baran
1953,abv,0.05,1.0000,baran
1977,abv,0.096,1.0000,baran
1984,abv,0.05,1.0000,baran
1990,abv,0.065,1.0000,baran
2003,abv,0.047,1.0000,baran
2006,abv,0.05,1.0000,baran
2011,abv,0.057,1.0000,baran
2101,abv,0.05,1.0000,baran
2113,abv,0.05,1.0000,baran
2174,abv,0.05,1.0000,baran
2299,abv,0.04,1.0000,baran
1288,city,Fort Worth,1.0000,baran
1285,city,Fort Worth,1.0000,baran
1288,state,TX,1.0000,baran
21,state,CA,1.0000,baran
48,state,MO,1.0000,baran
122,state,WI,1.0000,baran
135,state,TX,1.0000,baran
140,state,NC,1.0000,baran
156,state,MI,1.0000,baran
184,state,CA,1.0000,baran
231,state,MN,1.0000,baran
311,state,VA,1.0000,baran
353,state,CO,1.0000,baran
382,state,CO,1.0000,baran
411,state,MI,1.0000,baran
452,state,FL,1.0000,baran
462,state,NY,1.0000,baran
467,state,NV,1.0000,baran
473,state,TX,1.0000,baran
501,state,OK,1.0000,baran
509,state,OR,1.0000,baran
519,state,MA,1.0000,baran
529,state,MA,1.0000,baran
543,state,NC,1.0000,baran
544,state,NC,1.0000,baran
551,state,NJ,1.0000,baran
573,state,CO,1.0000,baran
579,state,CA,1.0000,baran
585,state,VA,1.0000,baran
589,state,IN,1.0000,baran
618,state,FL,1.0000,baran
643,state,IA,1.0000,baran
647,state,AR,1.0000,baran
716,state,IL,1.0000,baran
717,state,IL,1.0000,baran
724,state,CA,1.0000,baran
780,state,CO,1.0000,baran
794,state,CA,1.0000,baran
806,state,CA,1.0000,baran
847,state,TX,1.0000,baran
865,state,MI,1.0000,baran
887,state,WI,1.0000,baran
891,state,CA,1.0000,baran
898,state,CA,1.0000,baran
919,state,IL,1.0000,baran
941,state,IN,1.0000,baran
953,state,CO,1.0000,baran
1029,state,MA,1.0000,baran
1040,state,CA,1.0000,baran
1060,state,PA,1.0000,baran
1076,state,OR,1.0000,baran
1078,state,OR,1.0000,baran
1089,state,OR,1.0000,baran
1121,state,MA,1.0000,baran
1138,state,WI,1.0000,baran
1149,state,TX,1.0000,baran
1157,state,NY,1.0000,baran
1159,state,AK,1.0000,baran
1188,state,NM,1.0000,baran
1204,state,MT,1.0000,baran
1212,state,PA,1.0000,baran
1240,state,OR,1.0000,baran
1247,state,OH,1.0000,baran
1285,state,TX,1.0000,baran
1289,state,NY,1.0000,baran
1295,state,NY,1.0000,baran
1343,state,IL,1.0000,baran
1368,state,WI,1.0000,baran
1375,state,CA,1.0000,baran
1377,state,CA,1.0000,baran
1431,state,OR,1.0000,baran
1481,state,SC,1.0000,baran
1559,state,CO,1.0000,baran
1560,state,CO,1.0000,baran
1583,state,CO,1.0000,baran
1588,state,CO,1.0000,baran
1592,state,CO,1.0000,baran
1621,state,ME,1.0000,baran
1642,state,MI,1.0000,baran
1671,state,CO,1.0000,baran
1692,state,GA,1.0000,baran
1709,state,CO,1.0000,baran
1715,state,MI,1.0000,baran
1736,state,OH,1.0000,baran
1739,state,ME,1.0000,baran
1744,state,PA,1.0000,baran
1748,state,PA,1.0000,baran
1760,state,MI,1.0000,baran
1773,state,PA,1.0000,baran
1801,state,AZ,1.0000,baran
1832,state,OR,1.0000,baran
1852,state,CA,1.0000,baran
1861,state,NY,1.0000,baran
1866,state,NY,1.0000,baran
1884,state,CO,1.0000,baran
1906,state,PA,1.0000,baran
1927,state,ID,1.0000,baran
1933,state,ID,1.0000,baran
1956,state,TX,1.0000,baran
1980,state,IL,1.0000,baran
2020,state,MD,1.0000,baran
2031,state,MN,1.0000,baran
2042,state,IN,1.0000,baran
2043,state,IN,1.0000,baran
2045,state,IN,1.0000,baran
2061,state,IN,1.0000,baran
2074,state,MN,1.0000,baran
2113,state,KS,1.0000,baran
2133,state,IL,1.0000,baran
2144,state,VT,1.0000,baran
2187,state,NE,1.0000,baran
2196,state,IN,1.0000,baran
2205,state,CO,1.0000,baran
2218,state,PA,1.0000,baran
2271,state,CA,1.0000,baran
2287,state,CO,1.0000,baran
2294,state,CO,1.0000,baran
2315,state,PA,1.0000,baran
2320,state,MA,1.0000,baran
2365,state,IL,1.0000,baran
2371,state,VA,1.0000,baran
2377,state,MT,1.0000,baran
2394,state,NH,1.0000,baran
387,abv,0.058,1.0000,baran
7,abv,0.065,1.0000,baran
13,abv,0.065,1.0000,baran
15,abv,0.065,1.0000,baran
35,abv,0.065,1.0000,baran
36,abv,0.065,1.0000,baran
44,abv,0.065,1.0000,baran
45,abv,0.065,1.0000,baran
56,abv,0.065,1.0000,baran
57,abv,0.058,1.0000,baran
71,abv,0.065,1.0000,baran
79,abv,0.065,1.0000,baran
80,abv,0.065,1.0000,baran
97,abv,0.058,1.0000,baran
98,abv,0.065,1.0000,baran
99,abv,0.065,1.0000,baran
101,abv,0.058,1.0000,baran
104,abv,0.065,1.0000,baran
109,abv,0.058,1.0000,baran
112,abv,0.058,1.0000,baran
114,abv,0.065,1.0000,baran
115,abv,0.065,1.0000,baran
121,abv,0.058,1.0000,baran
122,abv,0.047,1.0000,baran
128,abv,0.065,1.0000,baran
136,abv,0.065,1.0000,baran
152,abv,0.065,1.0000,baran
158,abv,0.065,1.0000,baran
170,abv,0.065,1.0000,baran
176,abv,0.065,1.0000,baran
182,abv,0.058,1.0000,baran
184,abv,0.065,1.0000,baran
185,abv,0.058,1.0000,baran
190,abv,0.065,1.0000,baran
195,abv,0.065,1.0000,baran
201,abv,0.065,1.0000,baran
211,abv,0.065,1.0000,baran
215,abv,0.058,1.0000,baran
216,abv,0.065,1.0000,baran
226,abv,0.065,1.0000,baran
235,abv,0.065,1.0000,baran
236,abv,0.047,1.0000,baran
238,abv,0.058,1.0000,baran
241,abv,0.065,1.0000,baran
264,abv,0.065,1.0000,baran
266,abv,0.058,1.0000,baran
268,abv,0.065,1.0000,baran
277,abv,0.065,1.0000,baran
285,abv,0.065,1.0000,baran
287,abv,0.065,1.0000,baran
296,abv,0.065,1.0000,baran
309,abv,0.058,1.0000,baran
332,abv,0.065,1.0000,baran
346,abv,0.065,1.0000,baran
348,abv,0.065,1.0000,baran
351,abv,0.058,1.0000,baran
359,abv,0.058,1.0000,baran
371,abv,0.047,1.0000,baran
376,abv,0.065,1.0000,baran
381,abv,0.065,1.0000,baran
397,abv,0.065,1.0000,baran
403,abv,0.065,1.0000,baran
404,abv,0.058,1.0000,baran
407,abv,0.065,1.0000,baran
421,abv,0.065,1.0000,baran
426,abv,0.065,1.0000,baran
430,abv,0.058,1.0000,baran
438,abv,0.065,1.0000,baran
440,abv,0.065,1.0000,baran
448,abv,0.065,1.0000,baran
456,abv,0.065,1.0000,baran
463,abv,0.058,1.0000,baran
468,abv,0.065,1.0000,baran
469,abv,0.058,1.0000,baran
471,abv,0.065,1.0000,baran
472,abv,0.065,1.0000,baran
476,abv,0.065,1.0000,baran
483,abv,0.065,1.0000,baran
489,abv,0.065,1.0000,baran
492,abv,0.065,1.0000,baran
502,abv,0.065,1.0000,baran
505,abv,0.065,1.0000,baran
507,abv,0.058,1.0000,baran
511,abv,0.065,1.0000,baran
512,abv,0.058,1.0000,baran
520,abv,0.065,1.0000,baran
527,abv,0.065,1.0000,baran
529,abv,0.065,1.0000,baran
538,abv,0.058,1.0000,baran
539,abv,0.065,1.0000,baran
547,abv,0.065,1.0000,baran
564,abv,0.058,1.0000,baran
568,abv,0.065,1.0000,baran
569,abv,0.065,1.0000,baran
570,abv,0.065,1.0000,baran
589,abv,0.065,1.0000,baran
592,abv,0.065,1.0000,baran
593,abv,0.065,1.0000,baran
627,abv,0.065,1.0000,baran
629,abv,0.065,1.0000,baran
630,abv,0.058,1.0000,baran
650,abv,0.065,1.0000,baran
651,abv,0.065,1.0000,baran
654,abv,0.065,1.0000,baran
662,abv,0.065,1.0000,baran
663,abv,0.065,1.0000,baran
664,abv,0.065,1.0000,baran
668,abv,0.065,1.0000,baran
670,abv,0.065,1.0000,baran
675,abv,0.065,1.0000,baran
679,abv,0.065,1.0000,baran
686,abv,0.065,1.0000,baran
689,abv,0.065,1.0000,baran
690,abv,0.065,1.0000,baran
695,abv,0.065,1.0000,baran
697,abv,0.065,1.0000,baran
703,abv,0.058,1.0000,baran
714,abv,0.058,1.0000,baran
715,abv,0.065,1.0000,baran
716,abv,0.065,1.0000,baran
720,abv,0.065,1.0000,baran
721,abv,0.058,1.0000,baran
723,abv,0.058,1.0000,baran
727,abv,0.065,1.0000,baran
728,abv,0.065,1.0000,baran
738,abv,0.065,1.0000,baran
741,abv,0.058,1.0000,baran
742,abv,0.065,1.0000,baran
743,abv,0.065,1.0000,baran
751,abv,0.065,1.0000,baran
759,abv,0.065,1.0000,baran
761,abv,0.065,1.0000,baran
770,abv,0.058,1.0000,baran
771,abv,0.065,1.0000,baran
775,abv,0.065,1.0000,baran
782,abv,0.065,1.0000,baran
791,abv,0.065,1.0000,baran
793,abv,0.065,1.0000,baran
799,abv,0.065,1.0000,baran
804,abv,0.047,1.0000,baran
814,abv,0.065,1.0000,baran
815,abv,0.065,1.0000,baran
821,abv,0.065,1.0000,baran
825,abv,0.058,1.0000,baran
826,abv,0.065,1.0000,baran
838,abv,0.047,1.0000,baran
845,abv,0.065,1.0000,baran
864,abv,0.058,1.0000,baran
868,abv,0.065,1.0000,baran
878,abv,0.065,1.0000,baran
880,abv,0.058,1.0000,baran
881,abv,0.065,1.0000,baran
882,abv,0.065,1.0000,baran
884,abv,0.058,1.0000,baran
892,abv,0.058,1.0000,baran
896,abv,0.058,1.0000,baran
899,abv,0.058,1.0000,baran
905,abv,0.065,1.0000,baran
909,abv,0.058,1.0000,baran
913,abv,0.058,1.0000,baran
918,abv,0.065,1.0000,baran
919,abv,0.065,1.0000,baran
920,abv,0.065,1.0000,baran
921,abv,0.058,1.0000,baran
923,abv,0.058,1.0000,baran
936,abv,0.065,1.0000,baran
939,abv,0.065,1.0000,baran
944,abv,0.058,1.0000,baran
947,abv,0.065,1.0000,baran
948,abv,0.065,1.0000,baran
951,abv,0.065,1.0000,baran
953,abv,0.065,1.0000,baran
955,abv,0.065,1.0000,baran
956,abv,0.065,1.0000,baran
958,abv,0.065,1.0000,baran
966,abv,0.065,1.0000,baran
970,abv,0.058,1.0000,baran
978,abv,0.065,1.0000,baran
991,abv,0.065,1.0000,baran
993,abv,0.065,1.0000,baran
1006,abv,0.065,1.0000,baran
1024,abv,0.058,1.0000,baran
1026,abv,0.058,1.0000,baran
1030,abv,0.058,1.0000,baran
1032,abv,0.065,1.0000,baran
1034,abv,0.058,1.0000,baran
1039,abv,0.065,1.0000,baran
1050,abv,0.065,1.0000,baran
1052,abv,0.065,1.0000,baran
1053,abv,0.065,1.0000,baran
1056,abv,0.065,1.0000,baran
1060,abv,0.058,1.0000,baran
1062,abv,0.065,1.0000,baran
1075,abv,0.058,1.0000,baran
1089,abv,0.058,1.0000,baran
1090,abv,0.065,1.0000,baran
1091,abv,0.065,1.0000,baran
1097,abv,0.058,1.0000,baran
1100,abv,0.065,1.0000,baran
1102,abv,0.065,1.0000,baran
1107,abv,0.058,1.0000,baran
1111,abv,0.058,1.0000,baran
1113,abv,0.065,1.0000,baran
1114,abv,0.065,1.0000,baran
1122,abv,0.065,1.0000,baran
1123,abv,0.065,1.0000,baran
1126,abv,0.065,1.0000,baran
1132,abv,0.065,1.0000,baran
1145,abv,0.058,1.0000,baran
1146,abv,0.058,1.0000,baran
1149,abv,0.047,1.0000,baran
1150,abv,0.065,1.0000,baran
1151,abv,0.065,1.0000,baran
1152,abv,0.065,1.0000,baran
1154,abv,0.065,1.0000,baran
1158,abv,0.058,1.0000,baran
1162,abv,0.065,1.0000,baran
1163,abv,0.065,1.0000,baran
1166,abv,0.065,1.0000,baran
1178,abv,0.065,1.0000,baran
1190,abv,0.065,1.0000,baran
1193,abv,0.065,1.0000,baran
1215,abv,0.065,1.0000,baran
1224,abv,0.065,1.0000,baran
1227,abv,0.065,1.0000,baran
1233,abv,0.065,1.0000,baran
1234,abv,0.065,1.0000,baran
1236,abv,0.058,1.0000,baran
1239,abv,0.058,1.0000,baran
1257,abv,0.065,1.0000,baran
1274,abv,0.047,1.0000,baran
1294,abv,0.065,1.0000,baran
1296,abv,0.047,1.0000,baran
1303,abv,0.065,1.0000,baran
1317,abv,0.065,1.0000,baran
1322,abv,0.065,1.0000,baran
1326,abv,0.065,1.0000,baran
1335,abv,0.065,1.0000,baran
1344,abv,0.065,1.0000,baran
1345,abv,0.065,1.0000,baran
1357,abv,0.065,1.0000,baran
1358,abv,0.065,1.0000,baran
1360,abv,0.065,1.0000,baran
1363,abv,0.058,1.0000,baran
1383,abv,0.065,1.0000,baran
1390,abv,0.065,1.0000,baran
1395,abv,0.058,1.0000,baran
1398,abv,0.058,1.0000,baran
1403,abv,0.065,1.0000,baran
1422,abv,0.058,1.0000,baran
1424,abv,0.065,1.0000,baran
1431,abv,0.065,1.0000,baran
1442,abv,0.065,1.0000,baran
1447,abv,0.058,1.0000,baran
1449,abv,0.065,1.0000,baran
1451,abv,0.065,1.0000,baran
1460,abv,0.058,1.0000,baran
1462,abv,0.065,1.0000,baran
1475,abv,0.065,1.0000,baran
1477,abv,0.065,1.0000,baran
1480,abv,0.058,1.0000,baran
1481,abv,0.058,1.0000,baran
1483,abv,0.065,1.0000,baran
1487,abv,0.065,1.0000,baran
1488,abv,0.065,1.0000,baran
1494,abv,0.065,1.0000,baran
1495,abv,0.065,1.0000,baran
1496,abv,0.065,1.0000,baran
1500,abv,0.065,1.0000,baran
1502,abv,0.065,1.0000,baran
1513,abv,0.065,1.0000,baran
1519,abv,0.065,1.0000,baran
1522,abv,0.065,1.0000,baran
1526,abv,0.065,1.0000,baran
1529,abv,0.065,1.0000,baran
1539,abv,0.065,1.0000,baran
1542,abv,0.065,1.0000,baran
1544,abv,0.065,1.0000,baran
1545,abv,0.065,1.0000,baran
1546,abv,0.065,1.0000,baran
1547,abv,0.065,1.0000,baran
1549,abv,0.058,1.0000,baran
1552,abv,0.065,1.0000,baran
1562,abv,0.065,1.0000,baran
1569,abv,0.065,1.0000,baran
1580,abv,0.065,1.0000,baran
1592,abv,0.065,1.0000,baran
1594,abv,0.065,1.0000,baran
1596,abv,0.058,1.0000,baran
1598,abv,0.065,1.0000,baran
1599,abv,0.065,1.0000,baran
1604,abv,0.065,1.0000,baran
1610,abv,0.065,1.0000,baran
1615,abv,0.065,1.0000,baran
1618,abv,0.065,1.0000,baran
1620,abv,0.065,1.0000,baran
1631,abv,0.065,1.0000,baran
1635,abv,0.047,1.0000,baran
1636,abv,0.065,1.0000,baran
1638,abv,0.047,1.0000,baran
1646,abv,0.058,1.0000,baran
1671,abv,0.065,1.0000,baran
1675,abv,0.058,1.0000,baran
1677,abv,0.058,1.0000,baran
1678,abv,0.058,1.0000,baran
1685,abv,0.065,1.0000,baran
1686,abv,0.065,1.0000,baran
1690,abv,0.065,1.0000,baran
1692,abv,0.065,1.0000,baran
1698,abv,0.058,1.0000,baran
1725,abv,0.065,1.0000,baran
1729,abv,0.065,1.0000,baran
1734,abv,0.065,1.0000,baran
1736,abv,0.065,1.0000,baran
1738,abv,0.065,1.0000,baran
1743,abv,0.065,1.0000,baran
1762,abv,0.065,1.0000,baran
1766,abv,0.065,1.0000,baran
1771,abv,0.065,1.0000,baran
1776,abv,0.065,1.0000,baran
1777,abv,0.065,1.0000,baran
1778,abv,0.058,1.0000,baran
1784,abv,0.065,1.0000,baran
1785,abv,0.058,1.0000,baran
1786,abv,0.065,1.0000,baran
1787,abv,0.065,1.0000,baran
1789,abv,0.065,1.0000,baran
1794,abv,0.065,1.0000,baran
1797,abv,0.065,1.0000,baran
1804,abv,0.065,1.0000,baran
1805,abv,0.065,1.0000,baran
1806,abv,0.058,1.0000,baran
1809,abv,0.058,1.0000,baran
1820,abv,0.065,1.0000,baran
1824,abv,0.065,1.0000,baran
1826,abv,0.058,1.0000,baran
1827,abv,0.065,1.0000,baran
1834,abv,0.065,1.0000,baran
1841,abv,0.065,1.0000,baran
1849,abv,0.058,1.0000,baran
1850,abv,0.065,1.0000,baran
1853,abv,0.058,1.0000,baran
1854,abv,0.065,1.0000,baran
1855,abv,0.065,1.0000,baran
1857,abv,0.065,1.0000,baran
1868,abv,0.058,1.0000,baran
1869,abv,0.065,1.0000,baran
1871,abv,0.065,1.0000,baran
1875,abv,0.065,1.0000,baran
1878,abv,0.058,1.0000,baran
1894,abv,0.058,1.0000,baran
1898,abv,0.065,1.0000,baran
1902,abv,0.065,1.0000,baran
1906,abv,0.058,1.0000,baran
1909,abv,0.058,1.0000,baran
1910,abv,0.065,1.0000,baran
1917,abv,0.058,1.0000,baran
1929,abv,0.065,1.0000,baran
1932,abv,0.065,1.0000,baran
1933,abv,0.065,1.0000,baran
1934,abv,0.058,1.0000,baran
1936,abv,0.065,1.0000,baran
1943,abv,0.065,1.0000,baran
1948,abv,0.065,1.0000,baran
1952,abv,0.058,1.0000,baran
1960,abv,0.065,1.0000,baran
1974,abv,0.065,1.0000,baran
1979,abv,0.065,1.0000,baran
1989,abv,0.065,1.0000,baran
1992,abv,0.065,1.0000,baran
1999,abv,0.058,1.0000,baran
2001,abv,0.047,1.0000,baran
2002,abv,0.047,1.0000,baran
2017,abv,0.065,1.0000,baran
2031,abv,0.047,1.0000,baran
2032,abv,0.065,1.0000,baran
2036,abv,0.058,1.0000,baran
2038,abv,0.065,1.0000,baran
2040,abv,0.065,1.0000,baran
2047,abv,0.065,1.0000,baran
2049,abv,0.058,1.0000,baran
2054,abv,0.065,1.0000,baran
2056,abv,0.065,1.0000,baran
2063,abv,0.065,1.0000,baran
2067,abv,0.065,1.0000,baran
2070,abv,0.058,1.0000,baran
2075,abv,0.065,1.0000,baran
2076,abv,0.065,1.0000,baran
2083,abv,0.065,1.0000,baran
2090,abv,0.058,1.0000,baran
2093,abv,0.065,1.0000,baran
2094,abv,0.065,1.0000,baran
2100,abv,0.065,1.0000,baran
2103,abv,0.065,1.0000,baran
2105,abv,0.065,1.0000,baran
2107,abv,0.058,1.0000,baran
2109,abv,0.065,1.0000,baran
2110,abv,0.058,1.0000,baran
2123,abv,0.058,1.0000,baran
2133,abv,0.065,1.0000,baran
2136,abv,0.047,1.0000,baran
2142,abv,0.065,1.0000,baran
2147,abv,0.065,1.0000,baran
2149,abv,0.065,1.0000,baran
2155,abv,0.065,1.0000,baran
2158,abv,0.065,1.0000,baran
2171,abv,0.058,1.0000,baran
2172,abv,0.058,1.0000,baran
2180,abv,0.065,1.0000,baran
2185,abv,0.065,1.0000,baran
2191,abv,0.065,1.0000,baran
2205,abv,0.065,1.0000,baran
2209,abv,0.065,1.0000,baran
2218,abv,0.065,1.0000,baran
2219,abv,0.065,1.0000,baran
2221,abv,0.058,1.0000,baran
2223,abv,0.065,1.0000,baran
2226,abv,0.058,1.0000,baran
2227,abv,0.065,1.0000,baran
2229,abv,0.065,1.0000,baran
2237,abv,0.058,1.0000,baran
2238,abv,0.058,1.0000,baran
2239,abv,0.065,1.0000,baran
2240,abv,0.065,1.0000,baran
2245,abv,0.065,1.0000,baran
2250,abv,0.065,1.0000,baran
2255,abv,0.065,1.0000,baran
2263,abv,0.047,1.0000,baran
2265,abv,0.065,1.0000,baran
2267,abv,0.065,1.0000,baran
2268,abv,0.065,1.0000,baran
2273,abv,0.065,1.0000,baran
2279,abv,0.065,1.0000,baran
2285,abv,0.065,1.0000,baran
2291,abv,0.065,1.0000,baran
2292,abv,0.065,1.0000,baran
2298,abv,0.065,1.0000,baran
2309,abv,0.065,1.0000,baran
2315,abv,0.065,1.0000,baran
2318,abv,0.065,1.0000,baran
2321,abv,0.058,1.0000,baran
2325,abv,0.065,1.0000,baran
2328,abv,0.065,1.0000,baran
2344,abv,0.058,1.0000,baran
2349,abv,0.065,1.0000,baran
2351,abv,0.065,1.0000,baran
2352,abv,0.058,1.0000,baran
2353,abv,0.065,1.0000,baran
2356,abv,0.065,1.0000,baran
2367,abv,0.065,1.0000,baran
2369,abv,0.065,1.0000,baran
2370,abv,0.058,1.0000,baran
2371,abv,0.065,1.0000,baran
2375,abv,0.058,1.0000,baran
2382,abv,0.065,1.0000,baran
2383,abv,0.065,1.0000,baran
2386,abv,0.058,1.0000,baran
2389,abv,0.058,1.0000,baran
2390,abv,0.065,1.0000,baran
2391,abv,0.058,1.0000,baran
2394,abv,0.065,1.0000,baran
2399,abv,0.065,1.0000,baran
2404,abv,0.065,1.0000,baran
2408,abv,0.065,1.0000,baran
2409,abv,0.065,1.0000,baran
387,city,Plainfield,1.0000,baran
529,city,Gloucester,1.0000,baran
647,city,Springdale,1.0000,baran
1060,city,Pittsburgh,1.0000,baran
1121,city,Framingham,1.0000,baran
1247,city,Cincinnati,1.0000,baran
1736,city,Cincinnati,1.0000,baran
2196,city,Evansville,1.0000,baran
2371,city,Nellysford,1.0000,baran
387,state,IN,1.0000,baran
837,city,Latrobe,1.0000,baran
837,state,PA,1.0000,baran
310,abv,0.08,1.0000,baran
162,abv,0.08,1.0000,baran
464,abv,0.08,1.0000,baran
590,abv,0.08,1.0000,baran
800,abv,0.08,1.0000,baran
1045,abv,0.08,1.0000,baran
1336,abv,0.08,1.0000,baran
1576,abv,0.08,1.0000,baran
1588,abv,0.08,1.0000,baran
1600,abv,0.08,1.0000,baran
1705,abv,0.08,1.0000,baran
1815,abv,0.08,1.0000,baran
2213,abv,0.08,1.0000,baran
2301,abv,0.08,1.0000,baran
2347,abv,0.08,1.0000,baran
310,city,Canton,1.0000,baran
310,state,MA,1.0000,baran
890,city,Pineland,1.0000,baran
890,state,ME,1.0000,baran
2136,city,Athens,1.0000,baran
618,city,Tampa,1.0000,baran
919,city,Chicago,1.0000,baran
1076,city,Portland,1.0000,baran
1078,city,Portland,1.0000,baran
1289,city,Utica,1.0000,baran
1368,city,Monroe,1.0000,baran
1560,city,Longmont,1.0000,baran
1715,city,Grand Rapids,1.0000,baran
1852,city,Chico,1.0000,baran
1884,city,Durango,1.0000,baran
2113,city,Manhattan,1.0000,baran
2320,city,Westminster,1.0000,baran
2365,city,Lake Barrington,1.0000,baran
2136,state,GA,1.0000,baran
91,city,Madison,1.0000,baran
91,state,WI,1.0000,baran
544,abv,0.05,1.0000,baran
544,city,Mooresville,1.0000,baran
543,city,Mooresville,1.0000,baran
1204,abv,0.05,1.0000,baran
1204,city,Helena,1.0000,baran
1138,abv,0.06,1.0000,baran
1138,city,Stevens Point,1.0000,baran
21,city,San Francisco,1.0000,baran
48,city,Saint Louis,1.0000,baran
122,city,Hayward,1.0000,baran
135,city,Denton,1.0000,baran
140,city,Asheville,1.0000,baran
156,city,Detroit,1.0000,baran
184,city,San Diego,1.0000,baran
231,city,Duluth,1.0000,baran
311,city,Afton,1.0000,baran
353,city,Eagle,1.0000,baran
382,city,Denver,1.0000,baran
411,city,Grand Rapids,1.0000,baran
452,city,Tampa Bay,1.0000,baran
462,city,Brooklyn,1.0000,baran
467,city,Reno,1.0000,baran
473,city,Houston,1.0000,baran
501,city,Oklahoma City,1.0000,baran
509,city,Ashland,1.0000,baran
519,city,Cambridge,1.0000,baran
551,city,Atlantic Highlands,1.0000,baran
573,city,Edwards,1.0000,baran
579,city,San Luis Obispo,1.0000,baran
585,city,Charlottesville,1.0000,baran
589,city,Angola,1.0000,baran
643,city,Des Moines,1.0000,baran
716,city,Bloomington,1.0000,baran
717,city,Bloomington,1.0000,baran
724,city,Belmont,1.0000,baran
780,city,Boulder,1.0000,baran
794,city,Buellton,1.0000,baran
806,city,Paso Robles,1.0000,baran
847,city,Dallas,1.0000,baran
865,city,Frankenmuth,1.0000,baran
887,city,Lake Geneva,1.0000,baran
891,city,Los Angeles,1.0000,baran
898,city,Los Angeles,1.0000,baran
941,city,Aurora,1.0000,baran
953,city,Denver,1.0000,baran
1029,city,Boston,1.0000,baran
1040,city,Mill Valley,1.0000,baran
1089,city,Portland,1.0000,baran
1149,city,Houston,1.0000,baran
1157,city,Brooklyn,1.0000,baran
1159,city,Soldotna,1.0000,baran
1188,city,Albuquerque,1.0000,baran
1212,city,York,1.0000,baran
1240,city,Portland,1.0000,baran
1295,city,Utica,1.0000,baran
1343,city,Chicago,1.0000,baran
1375,city,San Diego,1.0000,baran
1377,city,San Diego,1.0000,baran
1431,city,Portland,1.0000,baran
1481,city,Myrtle Beach,1.0000,baran
1559,city,Longmont,1.0000,baran
1583,city,Longmont,1.0000,baran
1588,city,Lyons,1.0000,baran
1592,city,Lyons,1.0000,baran
1621,city,Portland,1.0000,baran
1642,city,Petoskey,1.0000,baran
1671,city,Dillon,1.0000,baran
1692,city,Marietta,1.0000,baran
1709,city,Denver,1.0000,baran
1739,city,Portland,1.0000,baran
1744,city,Export,1.0000,baran
1748,city,Export,1.0000,baran
1760,city,Rochester,1.0000,baran
1773,city,Lansdale,1.0000,baran
1801,city,Chandler,1.0000,baran
1832,city,Silverton,1.0000,baran
1861,city,Brooklyn,1.0000,baran
1866,city,Brooklyn,1.0000,baran
1906,city,Pottstown,1.0000,baran
1927,city,Boise,1.0000,baran
1933,city,Boise,1.0000,baran
1956,city,Conroe,1.0000,baran
1980,city,Chicago,1.0000,baran
2020,city,Baltimore,1.0000,baran
2031,city,St. Paul,1.0000,baran
2042,city,Indianapolis,1.0000,baran
2043,city,Indianapolis,1.0000,baran
2045,city,Indianapolis,1.0000,baran
2061,city,Indianapolis,1.0000,baran
2074,city,Brooklyn Center,1.0000,baran
2133,city,Evanston,1.0000,baran
2144,city,Waterbury,1.0000,baran
2187,city,Kearney,1.0000,baran
2205,city,Idaho Springs,1.0000,baran
2218,city,Hershey,1.0000,baran
2271,city,Santa Cruz,1.0000,baran
2287,city,Boulder,1.0000,baran
2294,city,Boulder,1.0000,baran
2315,city,Meadville,1.0000,baran
2377,city,Stevensville,1.0000,baran
2394,city,North Woodstock,1.0000,baran
757,abv,0.05,1.0000,baran
1334,abv,0.05,1.0000,baran
2251,abv,0.05,1.0000,baran
132,abv,0.06,1.0000,baran
155,abv,0.05,1.0000,baran
179,abv,0.06,1.0000,baran
180,abv,0.06,1.0000,baran
219,abv,0.06,1.0000,baran
231,abv,0.06,1.0000,baran
254,abv,0.05,1.0000,baran
294,abv,0.05,1.0000,baran
321,abv,0.06,1.0000,baran
327,abv,0.05,1.0000,baran
331,abv,0.06,1.0000,baran
385,abv,0.05,1.0000,baran
433,abv,0.05,1.0000,baran
437,abv,0.06,1.0000,baran
449,abv,0.06,1.0000,baran
572,abv,0.05,1.0000,baran
598,abv,0.05,1.0000,baran
617,abv,0.05,1.0000,baran
620,abv,0.05,1.0000,baran
623,abv,0.05,1.0000,baran
632,abv,0.06,1.0000,baran
649,abv,0.05,1.0000,baran
673,abv,0.06,1.0000,baran
680,abv,0.06,1.0000,baran
682,abv,0.05,1.0000,baran
696,abv,0.06,1.0000,baran
699,abv,0.06,1.0000,baran
712,abv,0.05,1.0000,baran
713,abv,0.05,1.0000,baran
718,abv,0.05,1.0000,baran
754,abv,0.05,1.0000,baran
778,abv,0.05,1.0000,baran
820,abv,0.06,1.0000,baran
861,abv,0.05,1.0000,baran
886,abv,0.05,1.0000,baran
940,abv,0.06,1.0000,baran
968,abv,0.06,1.0000,baran
977,abv,0.06,1.0000,baran
980,abv,0.05,1.0000,baran
986,abv,0.06,1.0000,baran
990,abv,0.06,1.0000,baran
995,abv,0.05,1.0000,baran
998,abv,0.05,1.0000,baran
1022,abv,0.05,1.0000,baran
1027,abv,0.05,1.0000,baran
1042,abv,0.06,1.0000,baran
1139,abv,0.05,1.0000,baran
1140,abv,0.05,1.0000,baran
1194,abv,0.05,1.0000,baran
1214,abv,0.06,1.0000,baran
1249,abv,0.05,1.0000,baran
1265,abv,0.05,1.0000,baran
1271,abv,0.06,1.0000,baran
1298,abv,0.06,1.0000,baran
1304,abv,0.05,1.0000,baran
1307,abv,0.06,1.0000,baran
1308,abv,0.05,1.0000,baran
1365,abv,0.05,1.0000,baran
1404,abv,0.05,1.0000,baran
1407,abv,0.05,1.0000,baran
1470,abv,0.05,1.0000,baran
1472,abv,0.05,1.0000,baran
1531,abv,0.06,1.0000,baran
1532,abv,0.05,1.0000,baran
1534,abv,0.05,1.0000,baran
1619,abv,0.05,1.0000,baran
1665,abv,0.05,1.0000,baran
1707,abv,0.05,1.0000,baran
1728,abv,0.05,1.0000,baran
1791,abv,0.05,1.0000,baran
1795,abv,0.05,1.0000,baran
1818,abv,0.05,1.0000,baran
1851,abv,0.05,1.0000,baran
1899,abv,0.06,1.0000,baran
1926,abv,0.06,1.0000,baran
1942,abv,0.05,1.0000,baran
2008,abv,0.05,1.0000,baran
2013,abv,0.05,1.0000,baran
2087,abv,0.05,1.0000,baran
2097,abv,0.05,1.0000,baran
2120,abv,0.05,1.0000,baran
2262,abv,0.06,1.0000,baran
2320,abv,0.06,1.0000,baran
2329,abv,0.06,1.0000,baran
2379,abv,0.05,1.0000,baran
1566,abv,0.07,1.0000,baran
1765,abv,0.07,1.0000,baran
2148,abv,0.07,1.0000,baran
2057,abv,0.07,1.0000,baran
1712,abv,0.07,1.0000,baran
205,abv,0.07,1.0000,baran
1833,abv,0.07,1.0000,baran
30,abv,0.07,1.0000,baran
31,abv,0.07,1.0000,baran
146,abv,0.07,1.0000,baran
183,abv,0.07,1.0000,baran
244,abv,0.07,1.0000,baran
420,abv,0.07,1.0000,baran
585,abv,0.07,1.0000,baran
609,abv,0.07,1.0000,baran
762,abv,0.07,1.0000,baran
781,abv,0.07,1.0000,baran
883,abv,0.07,1.0000,baran
885,abv,0.07,1.0000,baran
963,abv,0.07,1.0000,baran
974,abv,0.07,1.0000,baran
1129,abv,0.07,1.0000,baran
1658,abv,0.07,1.0000,baran
1696,abv,0.07,1.0000,baran
1832,abv,0.07,1.0000,baran
1912,abv,0.07,1.0000,baran
2125,abv,0.07,1.0000,baran
2127,abv,0.07,1.0000,baran
2153,abv,0.07,1.0000,baran
2198,abv,0.07,1.0000,baran
691,abv,0.072,1.0000,baran
