proposer,dataset,partition,draw,stratum,repairs,correct,error_rate
baran,beers_ni_inner10,mondrian,0,col:ibu,215,7,0.9674
baran,beers_ni_inner10,mondrian,0,col:state,209,179,0.1435
baran,beers_ni_inner10,mondrian,0,col:city,206,163,0.2087
baran,beers_ni_inner10,mondrian,0,col:brewery_id,191,132,0.3089
baran,beers_ni_inner10,mondrian,0,col:ounces,135,74,0.4519
baran,beers_ni_inner10,mondrian,0,col:abv,87,7,0.9195
baran,beers_ni_inner10,mondrian,0,col:style,87,14,0.8391
baran,beers_ni_inner10,mondrian,0,col:brewery_name,44,7,0.8409
baran,beers_ni_inner10,mondrian,0,col:beer_name,38,18,0.5263
baran,beers_ni_inner10,mondrian,0,col:id,36,10,0.7222
baran,beers_ni_inner10,column,0,col:ibu,215,7,0.9674
baran,beers_ni_inner10,column,0,col:state,209,179,0.1435
baran,beers_ni_inner10,column,0,col:city,206,163,0.2087
baran,beers_ni_inner10,column,0,col:brewery_id,191,132,0.3089
baran,beers_ni_inner10,column,0,col:ounces,135,74,0.4519
baran,beers_ni_inner10,column,0,col:abv,87,7,0.9195
baran,beers_ni_inner10,column,0,col:style,87,14,0.8391
baran,beers_ni_inner10,column,0,col:brewery_name,44,7,0.8409
baran,beers_ni_inner10,column,0,col:beer_name,38,18,0.5263
baran,beers_ni_inner10,column,0,col:id,36,10,0.7222
baran,beers_ni_inner30,mondrian,0,col:ounces,312,303,0.0288
baran,beers_ni_inner30,mondrian,0,col:style,260,16,0.9385
baran,beers_ni_inner30,mondrian,0,col:state,205,19,0.9073
baran,beers_ni_inner30,mondrian,0,col:abv,171,17,0.9006
baran,beers_ni_inner30,mondrian,0,col:brewery_name,141,11,0.922
baran,beers_ni_inner30,mondrian,0,col:beer_name,114,10,0.9123
baran,beers_ni_inner30,mondrian,0,col:city,78,14,0.8205
baran,beers_ni_inner30,mondrian,0,col:brewery_id,62,18,0.7097
baran,beers_ni_inner30,mondrian,0,col:id,34,15,0.5588
baran,beers_ni_inner30,mondrian,0,col:ibu,33,14,0.5758
baran,beers_ni_inner30,column,0,col:ounces,312,303,0.0288
baran,beers_ni_inner30,column,0,col:style,260,16,0.9385
baran,beers_ni_inner30,column,0,col:state,205,19,0.9073
baran,beers_ni_inner30,column,0,col:abv,171,17,0.9006
baran,beers_ni_inner30,column,0,col:brewery_name,141,11,0.922
baran,beers_ni_inner30,column,0,col:beer_name,114,10,0.9123
baran,beers_ni_inner30,column,0,col:city,78,14,0.8205
baran,beers_ni_inner30,column,0,col:brewery_id,62,18,0.7097
baran,beers_ni_inner30,column,0,col:id,34,15,0.5588
baran,beers_ni_inner30,column,0,col:ibu,33,14,0.5758
baran,beers_ni_inner50,mondrian,0,col:style,521,39,0.9251
baran,beers_ni_inner50,mondrian,0,col:state,511,35,0.9315
baran,beers_ni_inner50,mondrian,0,col:ounces,465,329,0.2925
baran,beers_ni_inner50,mondrian,0,col:abv,375,31,0.9173
baran,beers_ni_inner50,mondrian,0,col:id,205,11,0.9463
baran,beers_ni_inner50,mondrian,0,col:beer_name,192,12,0.9375
baran,beers_ni_inner50,mondrian,0,col:brewery_name,174,16,0.908
baran,beers_ni_inner50,mondrian,0,col:brewery_id,122,19,0.8443
baran,beers_ni_inner50,mondrian,0,col:ibu,97,20,0.7938
baran,beers_ni_inner50,mondrian,0,col:city,92,14,0.8478
baran,beers_ni_inner50,column,0,col:style,521,39,0.9251
baran,beers_ni_inner50,column,0,col:state,511,35,0.9315
baran,beers_ni_inner50,column,0,col:ounces,465,329,0.2925
baran,beers_ni_inner50,column,0,col:abv,375,31,0.9173
baran,beers_ni_inner50,column,0,col:id,205,11,0.9463
baran,beers_ni_inner50,column,0,col:beer_name,192,12,0.9375
baran,beers_ni_inner50,column,0,col:brewery_name,174,16,0.908
baran,beers_ni_inner50,column,0,col:brewery_id,122,19,0.8443
baran,beers_ni_inner50,column,0,col:ibu,97,20,0.7938
baran,beers_ni_inner50,column,0,col:city,92,14,0.8478
baran,beers_ni_inner70,mondrian,0,col:abv,1146,30,0.9738
baran,beers_ni_inner70,mondrian,0,col:state,684,40,0.9415
baran,beers_ni_inner70,mondrian,0,col:ounces,577,548,0.0503
baran,beers_ni_inner70,mondrian,0,col:ibu,550,38,0.9309
baran,beers_ni_inner70,mondrian,0,col:style,393,30,0.9237
baran,beers_ni_inner70,mondrian,0,col:brewery_name,393,18,0.9542
baran,beers_ni_inner70,mondrian,0,col:city,197,21,0.8934
baran,beers_ni_inner70,mondrian,0,col:brewery_id,171,20,0.883
baran,beers_ni_inner70,mondrian,0,col:beer_name,164,19,0.8841
baran,beers_ni_inner70,mondrian,0,col:id,29,20,0.3103
baran,beers_ni_inner70,column,0,col:abv,1146,30,0.9738
baran,beers_ni_inner70,column,0,col:state,684,40,0.9415
baran,beers_ni_inner70,column,0,col:ounces,577,548,0.0503
baran,beers_ni_inner70,column,0,col:ibu,550,38,0.9309
baran,beers_ni_inner70,column,0,col:style,393,30,0.9237
baran,beers_ni_inner70,column,0,col:brewery_name,393,18,0.9542
baran,beers_ni_inner70,column,0,col:city,197,21,0.8934
baran,beers_ni_inner70,column,0,col:brewery_id,171,20,0.883
baran,beers_ni_inner70,column,0,col:beer_name,164,19,0.8841
baran,beers_ni_inner70,column,0,col:id,29,20,0.3103
baran,rayyan_ni_inner10,mondrian,0,col:article_jvolumn,92,13,0.8587
baran,rayyan_ni_inner10,mondrian,0,col:id,92,1,0.9891
baran,rayyan_ni_inner10,mondrian,0,col:article_jissue,79,17,0.7848
baran,rayyan_ni_inner10,mondrian,0,col:article_jcreated_at,78,4,0.9487
baran,rayyan_ni_inner10,mondrian,0,col:journal_issn,50,5,0.9
baran,rayyan_ni_inner10,mondrian,0,col:author_list,40,3,0.925
baran,rayyan_ni_inner10,mondrian,0,col:journal_title,31,11,0.6452
baran,rayyan_ni_inner10,mondrian,0,col:article_language,30,20,0.3333
baran,rayyan_ni_inner10,mondrian,0,col:jounral_abbreviation,29,20,0.3103
baran,rayyan_ni_inner10,mondrian,0,col:article_pagination,21,11,0.4762
baran,rayyan_ni_inner10,mondrian,0,col:article_title,19,2,0.8947
baran,rayyan_ni_inner10,column,0,col:article_jvolumn,92,13,0.8587
baran,rayyan_ni_inner10,column,0,col:id,92,1,0.9891
baran,rayyan_ni_inner10,column,0,col:article_jissue,79,17,0.7848
baran,rayyan_ni_inner10,column,0,col:article_jcreated_at,78,4,0.9487
baran,rayyan_ni_inner10,column,0,col:journal_issn,50,5,0.9
baran,rayyan_ni_inner10,column,0,col:author_list,40,3,0.925
baran,rayyan_ni_inner10,column,0,col:journal_title,31,11,0.6452
baran,rayyan_ni_inner10,column,0,col:article_language,30,20,0.3333
baran,rayyan_ni_inner10,column,0,col:jounral_abbreviation,29,20,0.3103
baran,rayyan_ni_inner10,column,0,col:article_pagination,21,11,0.4762
baran,rayyan_ni_inner10,column,0,col:article_title,19,2,0.8947
baran,rayyan_ni_inner30,mondrian,0,col:article_jcreated_at,193,5,0.9741
baran,rayyan_ni_inner30,mondrian,0,col:article_jissue,185,11,0.9405
baran,rayyan_ni_inner30,mondrian,0,col:article_language,138,91,0.3406
baran,rayyan_ni_inner30,mondrian,0,col:article_jvolumn,128,24,0.8125
baran,rayyan_ni_inner30,mondrian,0,col:article_title,127,6,0.9528
baran,rayyan_ni_inner30,mondrian,0,col:id,98,12,0.8776
baran,rayyan_ni_inner30,mondrian,0,col:article_pagination,94,4,0.9574
baran,rayyan_ni_inner30,mondrian,0,col:journal_title,59,7,0.8814
baran,rayyan_ni_inner30,mondrian,0,col:jounral_abbreviation,46,29,0.3696
baran,rayyan_ni_inner30,mondrian,0,col:journal_issn,41,17,0.5854
baran,rayyan_ni_inner30,mondrian,0,col:author_list,28,15,0.4643
baran,rayyan_ni_inner30,column,0,col:article_jcreated_at,193,5,0.9741
baran,rayyan_ni_inner30,column,0,col:article_jissue,185,11,0.9405
baran,rayyan_ni_inner30,column,0,col:article_language,138,91,0.3406
baran,rayyan_ni_inner30,column,0,col:article_jvolumn,128,24,0.8125
baran,rayyan_ni_inner30,column,0,col:article_title,127,6,0.9528
baran,rayyan_ni_inner30,column,0,col:id,98,12,0.8776
baran,rayyan_ni_inner30,column,0,col:article_pagination,94,4,0.9574
baran,rayyan_ni_inner30,column,0,col:journal_title,59,7,0.8814
baran,rayyan_ni_inner30,column,0,col:jounral_abbreviation,46,29,0.3696
baran,rayyan_ni_inner30,column,0,col:journal_issn,41,17,0.5854
baran,rayyan_ni_inner30,column,0,col:author_list,28,15,0.4643
baran,rayyan_ni_inner50,mondrian,0,col:article_jvolumn,396,12,0.9697
baran,rayyan_ni_inner50,mondrian,0,col:article_jissue,330,44,0.8667
baran,rayyan_ni_inner50,mondrian,0,col:article_jcreated_at,227,18,0.9207
baran,rayyan_ni_inner50,mondrian,0,col:id,139,9,0.9353
baran,rayyan_ni_inner50,mondrian,0,col:author_list,120,14,0.8833
baran,rayyan_ni_inner50,mondrian,0,col:article_title,115,13,0.887
baran,rayyan_ni_inner50,mondrian,0,col:journal_issn,49,16,0.6735
baran,rayyan_ni_inner50,mondrian,0,col:jounral_abbreviation,20,20,0.0
baran,rayyan_ni_inner50,mondrian,0,col:article_pagination,20,17,0.15
baran,rayyan_ni_inner50,mondrian,0,col:article_language,18,17,0.0556
baran,rayyan_ni_inner50,mondrian,0,col:journal_title,18,15,0.1667
baran,rayyan_ni_inner50,column,0,col:article_jvolumn,396,12,0.9697
baran,rayyan_ni_inner50,column,0,col:article_jissue,330,44,0.8667
baran,rayyan_ni_inner50,column,0,col:article_jcreated_at,227,18,0.9207
baran,rayyan_ni_inner50,column,0,col:id,139,9,0.9353
baran,rayyan_ni_inner50,column,0,col:author_list,120,14,0.8833
baran,rayyan_ni_inner50,column,0,col:article_title,115,13,0.887
baran,rayyan_ni_inner50,column,0,col:journal_issn,49,16,0.6735
baran,rayyan_ni_inner50,column,0,col:jounral_abbreviation,20,20,0.0
baran,rayyan_ni_inner50,column,0,col:article_pagination,20,17,0.15
baran,rayyan_ni_inner50,column,0,col:article_language,18,17,0.0556
baran,rayyan_ni_inner50,column,0,col:journal_title,18,15,0.1667
baran,rayyan_ni_inner70,mondrian,0,col:article_jissue,291,14,0.9519
baran,rayyan_ni_inner70,mondrian,0,col:article_language,261,196,0.249
baran,rayyan_ni_inner70,mondrian,0,col:article_jvolumn,148,13,0.9122
baran,rayyan_ni_inner70,mondrian,0,col:article_title,38,18,0.5263
baran,rayyan_ni_inner70,mondrian,0,col:id,35,17,0.5143
baran,rayyan_ni_inner70,mondrian,0,col:author_list,33,16,0.5152
baran,rayyan_ni_inner70,mondrian,0,col:journal_title,27,15,0.4444
baran,rayyan_ni_inner70,mondrian,0,col:article_jcreated_at,21,18,0.1429
baran,rayyan_ni_inner70,mondrian,0,col:jounral_abbreviation,20,20,0.0
baran,rayyan_ni_inner70,mondrian,0,col:journal_issn,20,19,0.05
baran,rayyan_ni_inner70,mondrian,0,col:article_pagination,19,19,0.0
baran,rayyan_ni_inner70,column,0,col:article_jissue,291,14,0.9519
baran,rayyan_ni_inner70,column,0,col:article_language,261,196,0.249
baran,rayyan_ni_inner70,column,0,col:article_jvolumn,148,13,0.9122
baran,rayyan_ni_inner70,column,0,col:article_title,38,18,0.5263
baran,rayyan_ni_inner70,column,0,col:id,35,17,0.5143
baran,rayyan_ni_inner70,column,0,col:author_list,33,16,0.5152
baran,rayyan_ni_inner70,column,0,col:journal_title,27,15,0.4444
baran,rayyan_ni_inner70,column,0,col:article_jcreated_at,21,18,0.1429
baran,rayyan_ni_inner70,column,0,col:jounral_abbreviation,20,20,0.0
baran,rayyan_ni_inner70,column,0,col:journal_issn,20,19,0.05
baran,rayyan_ni_inner70,column,0,col:article_pagination,19,19,0.0
baran,beers_ni_inner10,mondrian,1,col:brewery_id,240,139,0.4208
baran,beers_ni_inner10,mondrian,1,col:abv,222,7,0.9685
baran,beers_ni_inner10,mondrian,1,col:city,211,106,0.4976
baran,beers_ni_inner10,mondrian,1,col:brewery_name,195,143,0.2667
baran,beers_ni_inner10,mondrian,1,col:ibu,177,8,0.9548
baran,beers_ni_inner10,mondrian,1,col:ounces,135,75,0.4444
baran,beers_ni_inner10,mondrian,1,col:style,101,16,0.8416
baran,beers_ni_inner10,mondrian,1,col:state,95,18,0.8105
baran,beers_ni_inner10,mondrian,1,col:beer_name,43,15,0.6512
baran,beers_ni_inner10,mondrian,1,col:id,39,7,0.8205
baran,beers_ni_inner10,column,1,col:brewery_id,240,139,0.4208
baran,beers_ni_inner10,column,1,col:abv,222,7,0.9685
baran,beers_ni_inner10,column,1,col:city,211,106,0.4976
baran,beers_ni_inner10,column,1,col:brewery_name,195,143,0.2667
baran,beers_ni_inner10,column,1,col:ibu,177,8,0.9548
baran,beers_ni_inner10,column,1,col:ounces,135,75,0.4444
baran,beers_ni_inner10,column,1,col:style,101,16,0.8416
baran,beers_ni_inner10,column,1,col:state,95,18,0.8105
baran,beers_ni_inner10,column,1,col:beer_name,43,15,0.6512
baran,beers_ni_inner10,column,1,col:id,39,7,0.8205
baran,beers_ni_inner10,mondrian,2,col:abv,222,17,0.9234
baran,beers_ni_inner10,mondrian,2,col:state,209,158,0.244
baran,beers_ni_inner10,mondrian,2,col:ounces,135,88,0.3481
baran,beers_ni_inner10,mondrian,2,col:ibu,127,9,0.9291
baran,beers_ni_inner10,mondrian,2,col:style,93,22,0.7634
baran,beers_ni_inner10,mondrian,2,col:brewery_name,53,9,0.8302
baran,beers_ni_inner10,mondrian,2,col:city,41,12,0.7073
baran,beers_ni_inner10,mondrian,2,col:beer_name,39,13,0.6667
baran,beers_ni_inner10,mondrian,2,col:brewery_id,30,7,0.7667
baran,beers_ni_inner10,mondrian,2,col:id,6,4,0.3333
baran,beers_ni_inner10,column,2,col:abv,222,17,0.9234
baran,beers_ni_inner10,column,2,col:state,209,158,0.244
baran,beers_ni_inner10,column,2,col:ounces,135,88,0.3481
baran,beers_ni_inner10,column,2,col:ibu,127,9,0.9291
baran,beers_ni_inner10,column,2,col:style,93,22,0.7634
baran,beers_ni_inner10,column,2,col:brewery_name,53,9,0.8302
baran,beers_ni_inner10,column,2,col:city,41,12,0.7073
baran,beers_ni_inner10,column,2,col:beer_name,39,13,0.6667
baran,beers_ni_inner10,column,2,col:brewery_id,30,7,0.7667
baran,beers_ni_inner10,column,2,col:id,6,4,0.3333
baran,beers_ni_inner10,mondrian,3,col:brewery_id,243,200,0.177
baran,beers_ni_inner10,mondrian,3,col:abv,222,11,0.9505
baran,beers_ni_inner10,mondrian,3,col:brewery_name,208,175,0.1587
baran,beers_ni_inner10,mondrian,3,col:city,206,177,0.1408
baran,beers_ni_inner10,mondrian,3,col:ibu,175,8,0.9543
baran,beers_ni_inner10,mondrian,3,col:ounces,135,88,0.3481
baran,beers_ni_inner10,mondrian,3,col:state,99,18,0.8182
baran,beers_ni_inner10,mondrian,3,col:style,72,16,0.7778
baran,beers_ni_inner10,mondrian,3,col:id,70,2,0.9714
baran,beers_ni_inner10,mondrian,3,col:beer_name,49,19,0.6122
baran,beers_ni_inner10,column,3,col:brewery_id,243,200,0.177
baran,beers_ni_inner10,column,3,col:abv,222,11,0.9505
baran,beers_ni_inner10,column,3,col:brewery_name,208,175,0.1587
baran,beers_ni_inner10,column,3,col:city,206,177,0.1408
baran,beers_ni_inner10,column,3,col:ibu,175,8,0.9543
baran,beers_ni_inner10,column,3,col:ounces,135,88,0.3481
baran,beers_ni_inner10,column,3,col:state,99,18,0.8182
baran,beers_ni_inner10,column,3,col:style,72,16,0.7778
baran,beers_ni_inner10,column,3,col:id,70,2,0.9714
baran,beers_ni_inner10,column,3,col:beer_name,49,19,0.6122
baran,beers_ni_inner30,mondrian,1,col:style,346,25,0.9277
baran,beers_ni_inner30,mondrian,1,col:ibu,341,15,0.956
baran,beers_ni_inner30,mondrian,1,col:city,333,15,0.955
baran,beers_ni_inner30,mondrian,1,col:ounces,312,303,0.0288
baran,beers_ni_inner30,mondrian,1,col:abv,232,16,0.931
baran,beers_ni_inner30,mondrian,1,col:brewery_name,192,9,0.9531
baran,beers_ni_inner30,mondrian,1,col:state,111,22,0.8018
baran,beers_ni_inner30,mondrian,1,col:beer_name,107,18,0.8318
baran,beers_ni_inner30,mondrian,1,col:brewery_id,51,18,0.6471
baran,beers_ni_inner30,mondrian,1,col:id,29,16,0.4483
baran,beers_ni_inner30,column,1,col:style,346,25,0.9277
baran,beers_ni_inner30,column,1,col:ibu,341,15,0.956
baran,beers_ni_inner30,column,1,col:city,333,15,0.955
baran,beers_ni_inner30,column,1,col:ounces,312,303,0.0288
baran,beers_ni_inner30,column,1,col:abv,232,16,0.931
baran,beers_ni_inner30,column,1,col:brewery_name,192,9,0.9531
baran,beers_ni_inner30,column,1,col:state,111,22,0.8018
baran,beers_ni_inner30,column,1,col:beer_name,107,18,0.8318
baran,beers_ni_inner30,column,1,col:brewery_id,51,18,0.6471
baran,beers_ni_inner30,column,1,col:id,29,16,0.4483
baran,beers_ni_inner30,mondrian,2,col:state,568,50,0.912
baran,beers_ni_inner30,mondrian,2,col:abv,567,24,0.9577
baran,beers_ni_inner30,mondrian,2,col:id,470,9,0.9809
baran,beers_ni_inner30,mondrian,2,col:city,431,14,0.9675
baran,beers_ni_inner30,mondrian,2,col:style,368,20,0.9457
baran,beers_ni_inner30,mondrian,2,col:ounces,312,216,0.3077
baran,beers_ni_inner30,mondrian,2,col:ibu,310,8,0.9742
baran,beers_ni_inner30,mondrian,2,col:brewery_name,225,15,0.9333
baran,beers_ni_inner30,mondrian,2,col:beer_name,119,18,0.8487
baran,beers_ni_inner30,mondrian,2,col:brewery_id,83,19,0.7711
baran,beers_ni_inner30,column,2,col:state,568,50,0.912
baran,beers_ni_inner30,column,2,col:abv,567,24,0.9577
baran,beers_ni_inner30,column,2,col:id,470,9,0.9809
baran,beers_ni_inner30,column,2,col:city,431,14,0.9675
baran,beers_ni_inner30,column,2,col:style,368,20,0.9457
baran,beers_ni_inner30,column,2,col:ounces,312,216,0.3077
baran,beers_ni_inner30,column,2,col:ibu,310,8,0.9742
baran,beers_ni_inner30,column,2,col:brewery_name,225,15,0.9333
baran,beers_ni_inner30,column,2,col:beer_name,119,18,0.8487
baran,beers_ni_inner30,column,2,col:brewery_id,83,19,0.7711
baran,beers_ni_inner30,mondrian,3,col:style,358,22,0.9385
baran,beers_ni_inner30,mondrian,3,col:ounces,312,170,0.4551
baran,beers_ni_inner30,mondrian,3,col:state,293,24,0.9181
baran,beers_ni_inner30,mondrian,3,col:city,197,14,0.9289
baran,beers_ni_inner30,mondrian,3,col:brewery_id,153,16,0.8954
baran,beers_ni_inner30,mondrian,3,col:brewery_name,110,11,0.9
baran,beers_ni_inner30,mondrian,3,col:ibu,71,18,0.7465
baran,beers_ni_inner30,mondrian,3,col:abv,62,15,0.7581
baran,beers_ni_inner30,mondrian,3,col:beer_name,31,16,0.4839
baran,beers_ni_inner30,mondrian,3,col:id,13,6,0.5385
baran,beers_ni_inner30,column,3,col:style,358,22,0.9385
baran,beers_ni_inner30,column,3,col:ounces,312,170,0.4551
baran,beers_ni_inner30,column,3,col:state,293,24,0.9181
baran,beers_ni_inner30,column,3,col:city,197,14,0.9289
baran,beers_ni_inner30,column,3,col:brewery_id,153,16,0.8954
baran,beers_ni_inner30,column,3,col:brewery_name,110,11,0.9
baran,beers_ni_inner30,column,3,col:ibu,71,18,0.7465
baran,beers_ni_inner30,column,3,col:abv,62,15,0.7581
baran,beers_ni_inner30,column,3,col:beer_name,31,16,0.4839
baran,beers_ni_inner30,column,3,col:id,13,6,0.5385
baran,beers_ni_inner50,mondrian,1,col:state,958,26,0.9729
baran,beers_ni_inner50,mondrian,1,col:abv,925,17,0.9816
baran,beers_ni_inner50,mondrian,1,col:style,480,19,0.9604
baran,beers_ni_inner50,mondrian,1,col:ounces,464,440,0.0517
baran,beers_ni_inner50,mondrian,1,col:ibu,452,14,0.969
baran,beers_ni_inner50,mondrian,1,col:brewery_name,323,17,0.9474
baran,beers_ni_inner50,mondrian,1,col:city,178,23,0.8708
baran,beers_ni_inner50,mondrian,1,col:brewery_id,134,20,0.8507
baran,beers_ni_inner50,mondrian,1,col:beer_name,114,18,0.8421
baran,beers_ni_inner50,mondrian,1,col:id,54,19,0.6481
baran,beers_ni_inner50,column,1,col:state,958,26,0.9729
baran,beers_ni_inner50,column,1,col:abv,925,17,0.9816
baran,beers_ni_inner50,column,1,col:style,480,19,0.9604
baran,beers_ni_inner50,column,1,col:ounces,464,440,0.0517
baran,beers_ni_inner50,column,1,col:ibu,452,14,0.969
baran,beers_ni_inner50,column,1,col:brewery_name,323,17,0.9474
baran,beers_ni_inner50,column,1,col:city,178,23,0.8708
baran,beers_ni_inner50,column,1,col:brewery_id,134,20,0.8507
baran,beers_ni_inner50,column,1,col:beer_name,114,18,0.8421
baran,beers_ni_inner50,column,1,col:id,54,19,0.6481
baran,beers_ni_inner50,mondrian,2,col:abv,881,19,0.9784
baran,beers_ni_inner50,mondrian,2,col:style,493,19,0.9615
baran,beers_ni_inner50,mondrian,2,col:ounces,465,441,0.0516
baran,beers_ni_inner50,mondrian,2,col:ibu,463,15,0.9676
baran,beers_ni_inner50,mondrian,2,col:state,406,26,0.936
baran,beers_ni_inner50,mondrian,2,col:brewery_name,302,20,0.9338
baran,beers_ni_inner50,mondrian,2,col:city,130,22,0.8308
baran,beers_ni_inner50,mondrian,2,col:brewery_id,100,18,0.82
baran,beers_ni_inner50,mondrian,2,col:beer_name,53,19,0.6415
baran,beers_ni_inner50,mondrian,2,col:id,37,15,0.5946
baran,beers_ni_inner50,column,2,col:abv,881,19,0.9784
baran,beers_ni_inner50,column,2,col:style,493,19,0.9615
baran,beers_ni_inner50,column,2,col:ounces,465,441,0.0516
baran,beers_ni_inner50,column,2,col:ibu,463,15,0.9676
baran,beers_ni_inner50,column,2,col:state,406,26,0.936
baran,beers_ni_inner50,column,2,col:brewery_name,302,20,0.9338
baran,beers_ni_inner50,column,2,col:city,130,22,0.8308
baran,beers_ni_inner50,column,2,col:brewery_id,100,18,0.82
baran,beers_ni_inner50,column,2,col:beer_name,53,19,0.6415
baran,beers_ni_inner50,column,2,col:id,37,15,0.5946
baran,beers_ni_inner50,mondrian,3,col:abv,492,24,0.9512
baran,beers_ni_inner50,mondrian,3,col:ounces,465,353,0.2409
baran,beers_ni_inner50,mondrian,3,col:ibu,411,16,0.9611
baran,beers_ni_inner50,mondrian,3,col:state,333,34,0.8979
baran,beers_ni_inner50,mondrian,3,col:city,329,19,0.9422
baran,beers_ni_inner50,mondrian,3,col:brewery_id,266,17,0.9361
baran,beers_ni_inner50,mondrian,3,col:beer_name,214,13,0.9393
baran,beers_ni_inner50,mondrian,3,col:brewery_name,148,21,0.8581
baran,beers_ni_inner50,mondrian,3,col:style,48,20,0.5833
baran,beers_ni_inner50,mondrian,3,col:id,31,15,0.5161
baran,beers_ni_inner50,column,3,col:abv,492,24,0.9512
baran,beers_ni_inner50,column,3,col:ounces,465,353,0.2409
baran,beers_ni_inner50,column,3,col:ibu,411,16,0.9611
baran,beers_ni_inner50,column,3,col:state,333,34,0.8979
baran,beers_ni_inner50,column,3,col:city,329,19,0.9422
baran,beers_ni_inner50,column,3,col:brewery_id,266,17,0.9361
baran,beers_ni_inner50,column,3,col:beer_name,214,13,0.9393
baran,beers_ni_inner50,column,3,col:brewery_name,148,21,0.8581
baran,beers_ni_inner50,column,3,col:style,48,20,0.5833
baran,beers_ni_inner50,column,3,col:id,31,15,0.5161
baran,beers_ni_inner70,mondrian,1,col:id,1191,12,0.9899
baran,beers_ni_inner70,mondrian,1,col:state,1168,50,0.9572
baran,beers_ni_inner70,mondrian,1,col:style,774,30,0.9612
baran,beers_ni_inner70,mondrian,1,col:ounces,577,549,0.0485
baran,beers_ni_inner70,mondrian,1,col:ibu,550,33,0.94
baran,beers_ni_inner70,mondrian,1,col:abv,202,22,0.8911
baran,beers_ni_inner70,mondrian,1,col:beer_name,151,20,0.8675
baran,beers_ni_inner70,mondrian,1,col:city,137,20,0.854
baran,beers_ni_inner70,mondrian,1,col:brewery_id,136,20,0.8529
baran,beers_ni_inner70,mondrian,1,col:brewery_name,125,20,0.84
baran,beers_ni_inner70,column,1,col:id,1191,12,0.9899
baran,beers_ni_inner70,column,1,col:state,1168,50,0.9572
baran,beers_ni_inner70,column,1,col:style,774,30,0.9612
baran,beers_ni_inner70,column,1,col:ounces,577,549,0.0485
baran,beers_ni_inner70,column,1,col:ibu,550,33,0.94
baran,beers_ni_inner70,column,1,col:abv,202,22,0.8911
baran,beers_ni_inner70,column,1,col:beer_name,151,20,0.8675
baran,beers_ni_inner70,column,1,col:city,137,20,0.854
baran,beers_ni_inner70,column,1,col:brewery_id,136,20,0.8529
baran,beers_ni_inner70,column,1,col:brewery_name,125,20,0.84
baran,beers_ni_inner70,mondrian,2,col:id,1191,10,0.9916
baran,beers_ni_inner70,mondrian,2,col:ibu,950,45,0.9526
baran,beers_ni_inner70,mondrian,2,col:state,732,47,0.9358
baran,beers_ni_inner70,mondrian,2,col:abv,701,38,0.9458
baran,beers_ni_inner70,mondrian,2,col:style,601,40,0.9334
baran,beers_ni_inner70,mondrian,2,col:ounces,566,542,0.0424
baran,beers_ni_inner70,mondrian,2,col:city,129,20,0.845
baran,beers_ni_inner70,mondrian,2,col:beer_name,124,20,0.8387
baran,beers_ni_inner70,mondrian,2,col:brewery_id,101,20,0.802
baran,beers_ni_inner70,mondrian,2,col:brewery_name,80,20,0.75
baran,beers_ni_inner70,column,2,col:id,1191,10,0.9916
baran,beers_ni_inner70,column,2,col:ibu,950,45,0.9526
baran,beers_ni_inner70,column,2,col:state,732,47,0.9358
baran,beers_ni_inner70,column,2,col:abv,701,38,0.9458
baran,beers_ni_inner70,column,2,col:style,601,40,0.9334
baran,beers_ni_inner70,column,2,col:ounces,566,542,0.0424
baran,beers_ni_inner70,column,2,col:city,129,20,0.845
baran,beers_ni_inner70,column,2,col:beer_name,124,20,0.8387
baran,beers_ni_inner70,column,2,col:brewery_id,101,20,0.802
baran,beers_ni_inner70,column,2,col:brewery_name,80,20,0.75
baran,beers_ni_inner70,mondrian,3,col:id,1191,10,0.9916
baran,beers_ni_inner70,mondrian,3,col:abv,801,37,0.9538
baran,beers_ni_inner70,mondrian,3,col:city,776,11,0.9858
baran,beers_ni_inner70,mondrian,3,col:state,625,39,0.9376
baran,beers_ni_inner70,mondrian,3,col:ounces,577,550,0.0468
baran,beers_ni_inner70,mondrian,3,col:style,308,37,0.8799
baran,beers_ni_inner70,mondrian,3,col:beer_name,243,20,0.9177
baran,beers_ni_inner70,mondrian,3,col:brewery_id,167,18,0.8922
baran,beers_ni_inner70,mondrian,3,col:brewery_name,144,21,0.8542
baran,beers_ni_inner70,mondrian,3,col:ibu,20,20,0.0
baran,beers_ni_inner70,column,3,col:id,1191,10,0.9916
baran,beers_ni_inner70,column,3,col:abv,801,37,0.9538
baran,beers_ni_inner70,column,3,col:city,776,11,0.9858
baran,beers_ni_inner70,column,3,col:state,625,39,0.9376
baran,beers_ni_inner70,column,3,col:ounces,577,550,0.0468
baran,beers_ni_inner70,column,3,col:style,308,37,0.8799
baran,beers_ni_inner70,column,3,col:beer_name,243,20,0.9177
baran,beers_ni_inner70,column,3,col:brewery_id,167,18,0.8922
baran,beers_ni_inner70,column,3,col:brewery_name,144,21,0.8542
baran,beers_ni_inner70,column,3,col:ibu,20,20,0.0
baran,flights_ni_inner10,mondrian,1,col:act_arr_time,238,186,0.2185
baran,flights_ni_inner10,mondrian,1,col:act_dep_time,210,160,0.2381
baran,flights_ni_inner10,mondrian,1,col:sched_dep_time,209,189,0.0957
baran,flights_ni_inner10,mondrian,1,col:flight,207,178,0.1401
baran,flights_ni_inner10,mondrian,1,col:src,159,15,0.9057
baran,flights_ni_inner10,mondrian,1,col:sched_arr_time,59,20,0.661
baran,flights_ni_inner10,column,1,col:act_arr_time,238,186,0.2185
baran,flights_ni_inner10,column,1,col:act_dep_time,210,160,0.2381
baran,flights_ni_inner10,column,1,col:sched_dep_time,209,189,0.0957
baran,flights_ni_inner10,column,1,col:flight,207,178,0.1401
baran,flights_ni_inner10,column,1,col:src,159,15,0.9057
baran,flights_ni_inner10,column,1,col:sched_arr_time,59,20,0.661
baran,flights_ni_inner10,mondrian,2,col:sched_arr_time,231,184,0.2035
baran,flights_ni_inner10,mondrian,2,col:act_dep_time,210,176,0.1619
baran,flights_ni_inner10,mondrian,2,col:flight,207,173,0.1643
baran,flights_ni_inner10,mondrian,2,col:src,141,12,0.9149
baran,flights_ni_inner10,mondrian,2,col:act_arr_time,76,18,0.7632
baran,flights_ni_inner10,mondrian,2,col:sched_dep_time,70,17,0.7571
baran,flights_ni_inner10,column,2,col:sched_arr_time,231,184,0.2035
baran,flights_ni_inner10,column,2,col:act_dep_time,210,176,0.1619
baran,flights_ni_inner10,column,2,col:flight,207,173,0.1643
baran,flights_ni_inner10,column,2,col:src,141,12,0.9149
baran,flights_ni_inner10,column,2,col:act_arr_time,76,18,0.7632
baran,flights_ni_inner10,column,2,col:sched_dep_time,70,17,0.7571
baran,flights_ni_inner10,mondrian,3,col:act_arr_time,238,219,0.0798
baran,flights_ni_inner10,mondrian,3,col:act_dep_time,210,190,0.0952
baran,flights_ni_inner10,mondrian,3,col:sched_dep_time,209,178,0.1483
baran,flights_ni_inner10,mondrian,3,col:flight,207,65,0.686
baran,flights_ni_inner10,mondrian,3,col:src,170,15,0.9118
baran,flights_ni_inner10,mondrian,3,col:sched_arr_time,40,20,0.5
baran,flights_ni_inner10,column,3,col:act_arr_time,238,219,0.0798
baran,flights_ni_inner10,column,3,col:act_dep_time,210,190,0.0952
baran,flights_ni_inner10,column,3,col:sched_dep_time,209,178,0.1483
baran,flights_ni_inner10,column,3,col:flight,207,65,0.686
baran,flights_ni_inner10,column,3,col:src,170,15,0.9118
baran,flights_ni_inner10,column,3,col:sched_arr_time,40,20,0.5
baran,flights_ni_inner30,mondrian,1,col:src,261,16,0.9387
baran,flights_ni_inner30,mondrian,1,col:act_arr_time,130,19,0.8538
baran,flights_ni_inner30,mondrian,1,col:sched_dep_time,106,15,0.8585
baran,flights_ni_inner30,mondrian,1,col:act_dep_time,94,16,0.8298
baran,flights_ni_inner30,mondrian,1,col:sched_arr_time,78,16,0.7949
baran,flights_ni_inner30,mondrian,1,col:flight,27,20,0.2593
baran,flights_ni_inner30,column,1,col:src,261,16,0.9387
baran,flights_ni_inner30,column,1,col:act_arr_time,130,19,0.8538
baran,flights_ni_inner30,column,1,col:sched_dep_time,106,15,0.8585
baran,flights_ni_inner30,column,1,col:act_dep_time,94,16,0.8298
baran,flights_ni_inner30,column,1,col:sched_arr_time,78,16,0.7949
baran,flights_ni_inner30,column,1,col:flight,27,20,0.2593
baran,flights_ni_inner30,mondrian,2,col:sched_dep_time,179,10,0.9441
baran,flights_ni_inner30,mondrian,2,col:src,167,17,0.8982
baran,flights_ni_inner30,mondrian,2,col:sched_arr_time,151,16,0.894
baran,flights_ni_inner30,mondrian,2,col:act_dep_time,149,16,0.8926
baran,flights_ni_inner30,mondrian,2,col:act_arr_time,146,18,0.8767
baran,flights_ni_inner30,mondrian,2,col:flight,124,21,0.8306
baran,flights_ni_inner30,column,2,col:sched_dep_time,179,10,0.9441
baran,flights_ni_inner30,column,2,col:src,167,17,0.8982
baran,flights_ni_inner30,column,2,col:sched_arr_time,151,16,0.894
baran,flights_ni_inner30,column,2,col:act_dep_time,149,16,0.8926
baran,flights_ni_inner30,column,2,col:act_arr_time,146,18,0.8767
baran,flights_ni_inner30,column,2,col:flight,124,21,0.8306
baran,flights_ni_inner30,mondrian,3,col:flight,588,16,0.9728
baran,flights_ni_inner30,mondrian,3,col:src,378,23,0.9392
baran,flights_ni_inner30,mondrian,3,col:act_dep_time,168,15,0.9107
baran,flights_ni_inner30,mondrian,3,col:act_arr_time,161,15,0.9068
baran,flights_ni_inner30,mondrian,3,col:sched_dep_time,145,17,0.8828
baran,flights_ni_inner30,mondrian,3,col:sched_arr_time,87,18,0.7931
baran,flights_ni_inner30,column,3,col:flight,588,16,0.9728
baran,flights_ni_inner30,column,3,col:src,378,23,0.9392
baran,flights_ni_inner30,column,3,col:act_dep_time,168,15,0.9107
baran,flights_ni_inner30,column,3,col:act_arr_time,161,15,0.9068
baran,flights_ni_inner30,column,3,col:sched_dep_time,145,17,0.8828
baran,flights_ni_inner30,column,3,col:sched_arr_time,87,18,0.7931
baran,flights_ni_inner50,mondrian,1,col:flight,948,16,0.9831
baran,flights_ni_inner50,mondrian,1,col:src,767,43,0.9439
baran,flights_ni_inner50,mondrian,1,col:sched_dep_time,522,31,0.9406
baran,flights_ni_inner50,mondrian,1,col:act_dep_time,292,20,0.9315
baran,flights_ni_inner50,mondrian,1,col:act_arr_time,283,22,0.9223
baran,flights_ni_inner50,mondrian,1,col:sched_arr_time,234,21,0.9103
baran,flights_ni_inner50,column,1,col:flight,948,16,0.9831
baran,flights_ni_inner50,column,1,col:src,767,43,0.9439
baran,flights_ni_inner50,column,1,col:sched_dep_time,522,31,0.9406
baran,flights_ni_inner50,column,1,col:act_dep_time,292,20,0.9315
baran,flights_ni_inner50,column,1,col:act_arr_time,283,22,0.9223
baran,flights_ni_inner50,column,1,col:sched_arr_time,234,21,0.9103
baran,flights_ni_inner50,mondrian,2,col:flight,607,12,0.9802
baran,flights_ni_inner50,mondrian,2,col:src,577,37,0.9359
baran,flights_ni_inner50,mondrian,2,col:sched_dep_time,456,28,0.9386
baran,flights_ni_inner50,mondrian,2,col:act_dep_time,292,20,0.9315
baran,flights_ni_inner50,mondrian,2,col:sched_arr_time,289,22,0.9239
baran,flights_ni_inner50,mondrian,2,col:act_arr_time,249,22,0.9116
baran,flights_ni_inner50,column,2,col:flight,607,12,0.9802
baran,flights_ni_inner50,column,2,col:src,577,37,0.9359
baran,flights_ni_inner50,column,2,col:sched_dep_time,456,28,0.9386
baran,flights_ni_inner50,column,2,col:act_dep_time,292,20,0.9315
baran,flights_ni_inner50,column,2,col:sched_arr_time,289,22,0.9239
baran,flights_ni_inner50,column,2,col:act_arr_time,249,22,0.9116
baran,flights_ni_inner50,mondrian,3,col:flight,948,15,0.9842
baran,flights_ni_inner50,mondrian,3,col:sched_dep_time,379,24,0.9367
baran,flights_ni_inner50,mondrian,3,col:sched_arr_time,317,22,0.9306
baran,flights_ni_inner50,mondrian,3,col:src,316,32,0.8987
baran,flights_ni_inner50,mondrian,3,col:act_arr_time,245,21,0.9143
baran,flights_ni_inner50,mondrian,3,col:act_dep_time,234,20,0.9145
baran,flights_ni_inner50,column,3,col:flight,948,15,0.9842
baran,flights_ni_inner50,column,3,col:sched_dep_time,379,24,0.9367
baran,flights_ni_inner50,column,3,col:sched_arr_time,317,22,0.9306
baran,flights_ni_inner50,column,3,col:src,316,32,0.8987
baran,flights_ni_inner50,column,3,col:act_arr_time,245,21,0.9143
baran,flights_ni_inner50,column,3,col:act_dep_time,234,20,0.9145
baran,flights_ni_inner70,mondrian,1,col:src,656,29,0.9558
baran,flights_ni_inner70,mondrian,1,col:sched_dep_time,499,25,0.9499
baran,flights_ni_inner70,mondrian,1,col:sched_arr_time,446,23,0.9484
baran,flights_ni_inner70,mondrian,1,col:act_arr_time,403,25,0.938
baran,flights_ni_inner70,mondrian,1,col:flight,312,23,0.9263
baran,flights_ni_inner70,mondrian,1,col:act_dep_time,183,20,0.8907
baran,flights_ni_inner70,column,1,col:src,656,29,0.9558
baran,flights_ni_inner70,column,1,col:sched_dep_time,499,25,0.9499
baran,flights_ni_inner70,column,1,col:sched_arr_time,446,23,0.9484
baran,flights_ni_inner70,column,1,col:act_arr_time,403,25,0.938
baran,flights_ni_inner70,column,1,col:flight,312,23,0.9263
baran,flights_ni_inner70,column,1,col:act_dep_time,183,20,0.8907
baran,flights_ni_inner70,mondrian,2,col:sched_dep_time,1184,488,0.5878
baran,flights_ni_inner70,mondrian,2,col:src,773,34,0.956
baran,flights_ni_inner70,mondrian,2,col:act_dep_time,430,27,0.9372
baran,flights_ni_inner70,mondrian,2,col:act_arr_time,403,22,0.9454
baran,flights_ni_inner70,mondrian,2,col:flight,384,24,0.9375
baran,flights_ni_inner70,mondrian,2,col:sched_arr_time,169,22,0.8698
baran,flights_ni_inner70,column,2,col:sched_dep_time,1184,488,0.5878
baran,flights_ni_inner70,column,2,col:src,773,34,0.956
baran,flights_ni_inner70,column,2,col:act_dep_time,430,27,0.9372
baran,flights_ni_inner70,column,2,col:act_arr_time,403,22,0.9454
baran,flights_ni_inner70,column,2,col:flight,384,24,0.9375
baran,flights_ni_inner70,column,2,col:sched_arr_time,169,22,0.8698
baran,flights_ni_inner70,mondrian,3,col:src,912,30,0.9671
baran,flights_ni_inner70,mondrian,3,col:sched_arr_time,465,23,0.9505
baran,flights_ni_inner70,mondrian,3,col:flight,329,24,0.9271
baran,flights_ni_inner70,mondrian,3,col:sched_dep_time,320,23,0.9281
baran,flights_ni_inner70,mondrian,3,col:act_dep_time,212,21,0.9009
baran,flights_ni_inner70,mondrian,3,col:act_arr_time,183,22,0.8798
baran,flights_ni_inner70,column,3,col:src,912,30,0.9671
baran,flights_ni_inner70,column,3,col:sched_arr_time,465,23,0.9505
baran,flights_ni_inner70,column,3,col:flight,329,24,0.9271
baran,flights_ni_inner70,column,3,col:sched_dep_time,320,23,0.9281
baran,flights_ni_inner70,column,3,col:act_dep_time,212,21,0.9009
baran,flights_ni_inner70,column,3,col:act_arr_time,183,22,0.8798
baran,hospital_ni_inner10,mondrian,1,col:HospitalName,107,91,0.1495
baran,hospital_ni_inner10,mondrian,1,col:Address1,100,78,0.22
baran,hospital_ni_inner10,mondrian,1,col:ProviderNumber,99,89,0.101
baran,hospital_ni_inner10,mondrian,1,col:City,95,85,0.1053
baran,hospital_ni_inner10,mondrian,1,col:PhoneNumber,94,84,0.1064
baran,hospital_ni_inner10,mondrian,1,col:MeasureName,92,71,0.2283
baran,hospital_ni_inner10,mondrian,1,col:MeasureCode,89,86,0.0337
baran,hospital_ni_inner10,mondrian,1,col:Stateavg,83,79,0.0482
baran,hospital_ni_inner10,mondrian,1,col:HospitalOwner,79,73,0.0759
baran,hospital_ni_inner10,mondrian,1,col:ZipCode,79,67,0.1519
baran,hospital_ni_inner10,mondrian,1,col:CountyName,79,72,0.0886
baran,hospital_ni_inner10,mondrian,1,col:Condition,62,57,0.0806
baran,hospital_ni_inner10,mondrian,1,col:Sample,55,16,0.7091
baran,hospital_ni_inner10,mondrian,1,col:Score,47,11,0.766
baran,hospital_ni_inner10,mondrian,1,col:EmergencyService,19,18,0.0526
baran,hospital_ni_inner10,column,1,col:HospitalName,107,91,0.1495
baran,hospital_ni_inner10,column,1,col:Address1,100,78,0.22
baran,hospital_ni_inner10,column,1,col:ProviderNumber,99,89,0.101
baran,hospital_ni_inner10,column,1,col:City,95,85,0.1053
baran,hospital_ni_inner10,column,1,col:PhoneNumber,94,84,0.1064
baran,hospital_ni_inner10,column,1,col:MeasureName,92,71,0.2283
baran,hospital_ni_inner10,column,1,col:MeasureCode,89,86,0.0337
baran,hospital_ni_inner10,column,1,col:Stateavg,83,79,0.0482
baran,hospital_ni_inner10,column,1,col:HospitalOwner,79,73,0.0759
baran,hospital_ni_inner10,column,1,col:ZipCode,79,67,0.1519
baran,hospital_ni_inner10,column,1,col:CountyName,79,72,0.0886
baran,hospital_ni_inner10,column,1,col:Condition,62,57,0.0806
baran,hospital_ni_inner10,column,1,col:Sample,55,16,0.7091
baran,hospital_ni_inner10,column,1,col:Score,47,11,0.766
baran,hospital_ni_inner10,column,1,col:EmergencyService,19,18,0.0526
baran,hospital_ni_inner10,mondrian,2,col:HospitalName,107,74,0.3084
baran,hospital_ni_inner10,mondrian,2,col:Address1,100,91,0.09
baran,hospital_ni_inner10,mondrian,2,col:ProviderNumber,99,87,0.1212
baran,hospital_ni_inner10,mondrian,2,col:City,95,85,0.1053
baran,hospital_ni_inner10,mondrian,2,col:PhoneNumber,94,84,0.1064
baran,hospital_ni_inner10,mondrian,2,col:MeasureName,94,83,0.117
baran,hospital_ni_inner10,mondrian,2,col:MeasureCode,92,89,0.0326
baran,hospital_ni_inner10,mondrian,2,col:Stateavg,83,65,0.2169
baran,hospital_ni_inner10,mondrian,2,col:HospitalOwner,79,62,0.2152
baran,hospital_ni_inner10,mondrian,2,col:ZipCode,79,72,0.0886
baran,hospital_ni_inner10,mondrian,2,col:CountyName,79,69,0.1266
baran,hospital_ni_inner10,mondrian,2,col:Sample,78,15,0.8077
baran,hospital_ni_inner10,mondrian,2,col:Score,77,5,0.9351
baran,hospital_ni_inner10,mondrian,2,col:Condition,62,59,0.0484
baran,hospital_ni_inner10,mondrian,2,col:EmergencyService,19,14,0.2632
baran,hospital_ni_inner10,column,2,col:HospitalName,107,74,0.3084
baran,hospital_ni_inner10,column,2,col:Address1,100,91,0.09
baran,hospital_ni_inner10,column,2,col:ProviderNumber,99,87,0.1212
baran,hospital_ni_inner10,column,2,col:City,95,85,0.1053
baran,hospital_ni_inner10,column,2,col:PhoneNumber,94,84,0.1064
baran,hospital_ni_inner10,column,2,col:MeasureName,94,83,0.117
baran,hospital_ni_inner10,column,2,col:MeasureCode,92,89,0.0326
baran,hospital_ni_inner10,column,2,col:Stateavg,83,65,0.2169
baran,hospital_ni_inner10,column,2,col:HospitalOwner,79,62,0.2152
baran,hospital_ni_inner10,column,2,col:ZipCode,79,72,0.0886
baran,hospital_ni_inner10,column,2,col:CountyName,79,69,0.1266
baran,hospital_ni_inner10,column,2,col:Sample,78,15,0.8077
baran,hospital_ni_inner10,column,2,col:Score,77,5,0.9351
baran,hospital_ni_inner10,column,2,col:Condition,62,59,0.0484
baran,hospital_ni_inner10,column,2,col:EmergencyService,19,14,0.2632
baran,hospital_ni_inner10,mondrian,3,col:HospitalName,107,98,0.0841
baran,hospital_ni_inner10,mondrian,3,col:Address1,100,94,0.06
baran,hospital_ni_inner10,mondrian,3,col:ProviderNumber,99,89,0.101
baran,hospital_ni_inner10,mondrian,3,col:City,95,86,0.0947
baran,hospital_ni_inner10,mondrian,3,col:PhoneNumber,94,88,0.0638
baran,hospital_ni_inner10,mondrian,3,col:MeasureName,92,81,0.1196
baran,hospital_ni_inner10,mondrian,3,col:MeasureCode,90,35,0.6111
baran,hospital_ni_inner10,mondrian,3,col:Stateavg,83,80,0.0361
baran,hospital_ni_inner10,mondrian,3,col:HospitalOwner,79,46,0.4177
baran,hospital_ni_inner10,mondrian,3,col:ZipCode,79,60,0.2405
baran,hospital_ni_inner10,mondrian,3,col:CountyName,79,72,0.0886
baran,hospital_ni_inner10,mondrian,3,col:Score,77,18,0.7662
baran,hospital_ni_inner10,mondrian,3,col:Sample,64,4,0.9375
baran,hospital_ni_inner10,mondrian,3,col:Condition,62,10,0.8387
baran,hospital_ni_inner10,mondrian,3,col:EmergencyService,19,18,0.0526
baran,hospital_ni_inner10,column,3,col:HospitalName,107,98,0.0841
baran,hospital_ni_inner10,column,3,col:Address1,100,94,0.06
baran,hospital_ni_inner10,column,3,col:ProviderNumber,99,89,0.101
baran,hospital_ni_inner10,column,3,col:City,95,86,0.0947
baran,hospital_ni_inner10,column,3,col:PhoneNumber,94,88,0.0638
baran,hospital_ni_inner10,column,3,col:MeasureName,92,81,0.1196
baran,hospital_ni_inner10,column,3,col:MeasureCode,90,35,0.6111
baran,hospital_ni_inner10,column,3,col:Stateavg,83,80,0.0361
baran,hospital_ni_inner10,column,3,col:HospitalOwner,79,46,0.4177
baran,hospital_ni_inner10,column,3,col:ZipCode,79,60,0.2405
baran,hospital_ni_inner10,column,3,col:CountyName,79,72,0.0886
baran,hospital_ni_inner10,column,3,col:Score,77,18,0.7662
baran,hospital_ni_inner10,column,3,col:Sample,64,4,0.9375
baran,hospital_ni_inner10,column,3,col:Condition,62,10,0.8387
baran,hospital_ni_inner10,column,3,col:EmergencyService,19,18,0.0526
baran,hospital_ni_inner30,mondrian,1,col:PhoneNumber,271,153,0.4354
baran,hospital_ni_inner30,mondrian,1,col:MeasureCode,264,22,0.9167
baran,hospital_ni_inner30,mondrian,1,col:ZipCode,257,157,0.3891
baran,hospital_ni_inner30,mondrian,1,col:HospitalName,257,187,0.2724
baran,hospital_ni_inner30,mondrian,1,col:MeasureName,254,121,0.5236
baran,hospital_ni_inner30,mondrian,1,col:Stateavg,254,185,0.2717
baran,hospital_ni_inner30,mondrian,1,col:ProviderNumber,252,181,0.2817
baran,hospital_ni_inner30,mondrian,1,col:City,248,196,0.2097
baran,hospital_ni_inner30,mondrian,1,col:CountyName,236,165,0.3008
baran,hospital_ni_inner30,mondrian,1,col:Score,220,45,0.7955
baran,hospital_ni_inner30,mondrian,1,col:HospitalOwner,217,175,0.1935
baran,hospital_ni_inner30,mondrian,1,col:Condition,190,159,0.1632
baran,hospital_ni_inner30,mondrian,1,col:Address1,128,17,0.8672
baran,hospital_ni_inner30,mondrian,1,col:EmergencyService,69,37,0.4638
baran,hospital_ni_inner30,mondrian,1,col:Sample,63,17,0.7302
baran,hospital_ni_inner30,mondrian,1,col:State,6,5,0.1667
baran,hospital_ni_inner30,column,1,col:PhoneNumber,271,153,0.4354
baran,hospital_ni_inner30,column,1,col:MeasureCode,264,22,0.9167
baran,hospital_ni_inner30,column,1,col:ZipCode,257,157,0.3891
baran,hospital_ni_inner30,column,1,col:HospitalName,257,187,0.2724
baran,hospital_ni_inner30,column,1,col:MeasureName,254,121,0.5236
baran,hospital_ni_inner30,column,1,col:Stateavg,254,185,0.2717
baran,hospital_ni_inner30,column,1,col:ProviderNumber,252,181,0.2817
baran,hospital_ni_inner30,column,1,col:City,248,196,0.2097
baran,hospital_ni_inner30,column,1,col:CountyName,236,165,0.3008
baran,hospital_ni_inner30,column,1,col:Score,220,45,0.7955
baran,hospital_ni_inner30,column,1,col:HospitalOwner,217,175,0.1935
baran,hospital_ni_inner30,column,1,col:Condition,190,159,0.1632
baran,hospital_ni_inner30,column,1,col:Address1,128,17,0.8672
baran,hospital_ni_inner30,column,1,col:EmergencyService,69,37,0.4638
baran,hospital_ni_inner30,column,1,col:Sample,63,17,0.7302
baran,hospital_ni_inner30,column,1,col:State,6,5,0.1667
baran,hospital_ni_inner30,mondrian,2,col:MeasureCode,278,84,0.6978
baran,hospital_ni_inner30,mondrian,2,col:PhoneNumber,271,158,0.417
baran,hospital_ni_inner30,mondrian,2,col:Sample,263,9,0.9658
baran,hospital_ni_inner30,mondrian,2,col:HospitalName,257,152,0.4086
baran,hospital_ni_inner30,mondrian,2,col:ZipCode,256,144,0.4375
baran,hospital_ni_inner30,mondrian,2,col:ProviderNumber,252,175,0.3056
baran,hospital_ni_inner30,mondrian,2,col:City,248,160,0.3548
baran,hospital_ni_inner30,mondrian,2,col:Address1,242,132,0.4545
baran,hospital_ni_inner30,mondrian,2,col:CountyName,238,137,0.4244
baran,hospital_ni_inner30,mondrian,2,col:Score,220,35,0.8409
baran,hospital_ni_inner30,mondrian,2,col:HospitalOwner,217,156,0.2811
baran,hospital_ni_inner30,mondrian,2,col:EmergencyService,69,57,0.1739
baran,hospital_ni_inner30,mondrian,2,col:Condition,66,27,0.5909
baran,hospital_ni_inner30,mondrian,2,col:Stateavg,60,10,0.8333
baran,hospital_ni_inner30,mondrian,2,col:MeasureName,54,22,0.5926
baran,hospital_ni_inner30,mondrian,2,col:State,6,5,0.1667
baran,hospital_ni_inner30,column,2,col:MeasureCode,278,84,0.6978
baran,hospital_ni_inner30,column,2,col:PhoneNumber,271,158,0.417
baran,hospital_ni_inner30,column,2,col:Sample,263,9,0.9658
baran,hospital_ni_inner30,column,2,col:HospitalName,257,152,0.4086
baran,hospital_ni_inner30,column,2,col:ZipCode,256,144,0.4375
baran,hospital_ni_inner30,column,2,col:ProviderNumber,252,175,0.3056
baran,hospital_ni_inner30,column,2,col:City,248,160,0.3548
baran,hospital_ni_inner30,column,2,col:Address1,242,132,0.4545
baran,hospital_ni_inner30,column,2,col:CountyName,238,137,0.4244
baran,hospital_ni_inner30,column,2,col:Score,220,35,0.8409
baran,hospital_ni_inner30,column,2,col:HospitalOwner,217,156,0.2811
baran,hospital_ni_inner30,column,2,col:EmergencyService,69,57,0.1739
baran,hospital_ni_inner30,column,2,col:Condition,66,27,0.5909
baran,hospital_ni_inner30,column,2,col:Stateavg,60,10,0.8333
baran,hospital_ni_inner30,column,2,col:MeasureName,54,22,0.5926
baran,hospital_ni_inner30,column,2,col:State,6,5,0.1667
baran,hospital_ni_inner30,mondrian,3,col:MeasureCode,275,154,0.44
baran,hospital_ni_inner30,mondrian,3,col:PhoneNumber,271,147,0.4576
baran,hospital_ni_inner30,mondrian,3,col:Sample,263,20,0.924
baran,hospital_ni_inner30,mondrian,3,col:ZipCode,257,149,0.4202
baran,hospital_ni_inner30,mondrian,3,col:HospitalName,257,164,0.3619
baran,hospital_ni_inner30,mondrian,3,col:Stateavg,254,26,0.8976
baran,hospital_ni_inner30,mondrian,3,col:Address1,242,154,0.3636
baran,hospital_ni_inner30,mondrian,3,col:CountyName,238,133,0.4412
baran,hospital_ni_inner30,mondrian,3,col:Score,220,44,0.8
baran,hospital_ni_inner30,mondrian,3,col:HospitalOwner,217,96,0.5576
baran,hospital_ni_inner30,mondrian,3,col:Condition,190,154,0.1895
baran,hospital_ni_inner30,mondrian,3,col:City,113,18,0.8407
baran,hospital_ni_inner30,mondrian,3,col:ProviderNumber,113,19,0.8319
baran,hospital_ni_inner30,mondrian,3,col:MeasureName,103,21,0.7961
baran,hospital_ni_inner30,mondrian,3,col:EmergencyService,69,64,0.0725
baran,hospital_ni_inner30,mondrian,3,col:State,6,5,0.1667
baran,hospital_ni_inner30,column,3,col:MeasureCode,275,154,0.44
baran,hospital_ni_inner30,column,3,col:PhoneNumber,271,147,0.4576
baran,hospital_ni_inner30,column,3,col:Sample,263,20,0.924
baran,hospital_ni_inner30,column,3,col:ZipCode,257,149,0.4202
baran,hospital_ni_inner30,column,3,col:HospitalName,257,164,0.3619
baran,hospital_ni_inner30,column,3,col:Stateavg,254,26,0.8976
baran,hospital_ni_inner30,column,3,col:Address1,242,154,0.3636
baran,hospital_ni_inner30,column,3,col:CountyName,238,133,0.4412
baran,hospital_ni_inner30,column,3,col:Score,220,44,0.8
baran,hospital_ni_inner30,column,3,col:HospitalOwner,217,96,0.5576
baran,hospital_ni_inner30,column,3,col:Condition,190,154,0.1895
baran,hospital_ni_inner30,column,3,col:City,113,18,0.8407
baran,hospital_ni_inner30,column,3,col:ProviderNumber,113,19,0.8319
baran,hospital_ni_inner30,column,3,col:MeasureName,103,21,0.7961
baran,hospital_ni_inner30,column,3,col:EmergencyService,69,64,0.0725
baran,hospital_ni_inner30,column,3,col:State,6,5,0.1667
baran,hospital_ni_inner50,mondrian,1,col:HospitalName,399,186,0.5338
baran,hospital_ni_inner50,mondrian,1,col:ProviderNumber,397,211,0.4685
baran,hospital_ni_inner50,mondrian,1,col:Stateavg,391,93,0.7621
baran,hospital_ni_inner50,mondrian,1,col:MeasureCode,390,68,0.8256
baran,hospital_ni_inner50,mondrian,1,col:ZipCode,390,222,0.4308
baran,hospital_ni_inner50,mondrian,1,col:PhoneNumber,381,218,0.4278
baran,hospital_ni_inner50,mondrian,1,col:City,369,23,0.9377
baran,hospital_ni_inner50,mondrian,1,col:Score,356,63,0.823
baran,hospital_ni_inner50,mondrian,1,col:CountyName,353,156,0.5581
baran,hospital_ni_inner50,mondrian,1,col:HospitalOwner,324,215,0.3364
baran,hospital_ni_inner50,mondrian,1,col:Condition,316,211,0.3323
baran,hospital_ni_inner50,mondrian,1,col:MeasureName,283,29,0.8975
baran,hospital_ni_inner50,mondrian,1,col:Sample,219,32,0.8539
baran,hospital_ni_inner50,mondrian,1,col:Address1,93,23,0.7527
baran,hospital_ni_inner50,mondrian,1,col:EmergencyService,86,86,0.0
baran,hospital_ni_inner50,mondrian,1,col:State,21,17,0.1905
baran,hospital_ni_inner50,column,1,col:HospitalName,399,186,0.5338
baran,hospital_ni_inner50,column,1,col:ProviderNumber,397,211,0.4685
baran,hospital_ni_inner50,column,1,col:Stateavg,391,93,0.7621
baran,hospital_ni_inner50,column,1,col:MeasureCode,390,68,0.8256
baran,hospital_ni_inner50,column,1,col:ZipCode,390,222,0.4308
baran,hospital_ni_inner50,column,1,col:PhoneNumber,381,218,0.4278
baran,hospital_ni_inner50,column,1,col:City,369,23,0.9377
baran,hospital_ni_inner50,column,1,col:Score,356,63,0.823
baran,hospital_ni_inner50,column,1,col:CountyName,353,156,0.5581
baran,hospital_ni_inner50,column,1,col:HospitalOwner,324,215,0.3364
baran,hospital_ni_inner50,column,1,col:Condition,316,211,0.3323
baran,hospital_ni_inner50,column,1,col:MeasureName,283,29,0.8975
baran,hospital_ni_inner50,column,1,col:Sample,219,32,0.8539
baran,hospital_ni_inner50,column,1,col:Address1,93,23,0.7527
baran,hospital_ni_inner50,column,1,col:EmergencyService,86,86,0.0
baran,hospital_ni_inner50,column,1,col:State,21,17,0.1905
baran,hospital_ni_inner50,mondrian,2,col:ProviderNumber,399,267,0.3308
baran,hospital_ni_inner50,mondrian,2,col:HospitalName,399,241,0.396
baran,hospital_ni_inner50,mondrian,2,col:Stateavg,391,197,0.4962
baran,hospital_ni_inner50,mondrian,2,col:MeasureCode,390,100,0.7436
baran,hospital_ni_inner50,mondrian,2,col:PhoneNumber,381,251,0.3412
baran,hospital_ni_inner50,mondrian,2,col:City,369,30,0.9187
baran,hospital_ni_inner50,mondrian,2,col:MeasureName,355,170,0.5211
baran,hospital_ni_inner50,mondrian,2,col:CountyName,353,154,0.5637
baran,hospital_ni_inner50,mondrian,2,col:ZipCode,351,156,0.5556
baran,hospital_ni_inner50,mondrian,2,col:HospitalOwner,324,218,0.3272
baran,hospital_ni_inner50,mondrian,2,col:Sample,301,21,0.9302
baran,hospital_ni_inner50,mondrian,2,col:Condition,191,81,0.5759
baran,hospital_ni_inner50,mondrian,2,col:Score,143,52,0.6364
baran,hospital_ni_inner50,mondrian,2,col:Address1,110,21,0.8091
baran,hospital_ni_inner50,mondrian,2,col:EmergencyService,86,69,0.1977
baran,hospital_ni_inner50,mondrian,2,col:State,21,18,0.1429
baran,hospital_ni_inner50,column,2,col:ProviderNumber,399,267,0.3308
baran,hospital_ni_inner50,column,2,col:HospitalName,399,241,0.396
baran,hospital_ni_inner50,column,2,col:Stateavg,391,197,0.4962
baran,hospital_ni_inner50,column,2,col:MeasureCode,390,100,0.7436
baran,hospital_ni_inner50,column,2,col:PhoneNumber,381,251,0.3412
baran,hospital_ni_inner50,column,2,col:City,369,30,0.9187
baran,hospital_ni_inner50,column,2,col:MeasureName,355,170,0.5211
baran,hospital_ni_inner50,column,2,col:CountyName,353,154,0.5637
baran,hospital_ni_inner50,column,2,col:ZipCode,351,156,0.5556
baran,hospital_ni_inner50,column,2,col:HospitalOwner,324,218,0.3272
baran,hospital_ni_inner50,column,2,col:Sample,301,21,0.9302
baran,hospital_ni_inner50,column,2,col:Condition,191,81,0.5759
baran,hospital_ni_inner50,column,2,col:Score,143,52,0.6364
baran,hospital_ni_inner50,column,2,col:Address1,110,21,0.8091
baran,hospital_ni_inner50,column,2,col:EmergencyService,86,69,0.1977
baran,hospital_ni_inner50,column,2,col:State,21,18,0.1429
baran,hospital_ni_inner50,mondrian,3,col:HospitalName,399,197,0.5063
baran,hospital_ni_inner50,mondrian,3,col:Stateavg,391,203,0.4808
baran,hospital_ni_inner50,mondrian,3,col:MeasureCode,390,140,0.641
baran,hospital_ni_inner50,mondrian,3,col:ZipCode,390,221,0.4333
baran,hospital_ni_inner50,mondrian,3,col:PhoneNumber,381,234,0.3858
baran,hospital_ni_inner50,mondrian,3,col:City,369,14,0.9621
baran,hospital_ni_inner50,mondrian,3,col:HospitalOwner,324,215,0.3364
baran,hospital_ni_inner50,mondrian,3,col:Condition,316,151,0.5222
baran,hospital_ni_inner50,mondrian,3,col:ProviderNumber,156,19,0.8782
baran,hospital_ni_inner50,mondrian,3,col:Score,142,46,0.6761
baran,hospital_ni_inner50,mondrian,3,col:CountyName,140,16,0.8857
baran,hospital_ni_inner50,mondrian,3,col:Sample,129,34,0.7364
baran,hospital_ni_inner50,mondrian,3,col:Address1,89,16,0.8202
baran,hospital_ni_inner50,mondrian,3,col:EmergencyService,86,73,0.1512
baran,hospital_ni_inner50,mondrian,3,col:MeasureName,53,17,0.6792
baran,hospital_ni_inner50,mondrian,3,col:State,21,13,0.381
baran,hospital_ni_inner50,column,3,col:HospitalName,399,197,0.5063
baran,hospital_ni_inner50,column,3,col:Stateavg,391,203,0.4808
baran,hospital_ni_inner50,column,3,col:MeasureCode,390,140,0.641
baran,hospital_ni_inner50,column,3,col:ZipCode,390,221,0.4333
baran,hospital_ni_inner50,column,3,col:PhoneNumber,381,234,0.3858
baran,hospital_ni_inner50,column,3,col:City,369,14,0.9621
baran,hospital_ni_inner50,column,3,col:HospitalOwner,324,215,0.3364
baran,hospital_ni_inner50,column,3,col:Condition,316,151,0.5222
baran,hospital_ni_inner50,column,3,col:ProviderNumber,156,19,0.8782
baran,hospital_ni_inner50,column,3,col:Score,142,46,0.6761
baran,hospital_ni_inner50,column,3,col:CountyName,140,16,0.8857
baran,hospital_ni_inner50,column,3,col:Sample,129,34,0.7364
baran,hospital_ni_inner50,column,3,col:Address1,89,16,0.8202
baran,hospital_ni_inner50,column,3,col:EmergencyService,86,73,0.1512
baran,hospital_ni_inner50,column,3,col:MeasureName,53,17,0.6792
baran,hospital_ni_inner50,column,3,col:State,21,13,0.381
baran,hospital_ni_inner70,mondrian,1,col:ProviderNumber,503,211,0.5805
baran,hospital_ni_inner70,mondrian,1,col:City,492,205,0.5833
baran,hospital_ni_inner70,mondrian,1,col:PhoneNumber,491,13,0.9735
baran,hospital_ni_inner70,mondrian,1,col:ZipCode,483,192,0.6025
baran,hospital_ni_inner70,mondrian,1,col:Sample,467,11,0.9764
baran,hospital_ni_inner70,mondrian,1,col:HospitalOwner,418,244,0.4163
baran,hospital_ni_inner70,mondrian,1,col:Condition,383,229,0.4021
baran,hospital_ni_inner70,mondrian,1,col:Score,368,24,0.9348
baran,hospital_ni_inner70,mondrian,1,col:MeasureName,254,28,0.8898
baran,hospital_ni_inner70,mondrian,1,col:Address1,228,18,0.9211
baran,hospital_ni_inner70,mondrian,1,col:HospitalName,164,14,0.9146
baran,hospital_ni_inner70,mondrian,1,col:EmergencyService,124,71,0.4274
baran,hospital_ni_inner70,mondrian,1,col:MeasureCode,105,22,0.7905
baran,hospital_ni_inner70,mondrian,1,col:Stateavg,83,20,0.759
baran,hospital_ni_inner70,mondrian,1,col:CountyName,42,23,0.4524
baran,hospital_ni_inner70,mondrian,1,col:State,21,5,0.7619
baran,hospital_ni_inner70,column,1,col:ProviderNumber,503,211,0.5805
baran,hospital_ni_inner70,column,1,col:City,492,205,0.5833
baran,hospital_ni_inner70,column,1,col:PhoneNumber,491,13,0.9735
baran,hospital_ni_inner70,column,1,col:ZipCode,483,192,0.6025
baran,hospital_ni_inner70,column,1,col:Sample,467,11,0.9764
baran,hospital_ni_inner70,column,1,col:HospitalOwner,418,244,0.4163
baran,hospital_ni_inner70,column,1,col:Condition,383,229,0.4021
baran,hospital_ni_inner70,column,1,col:Score,368,24,0.9348
baran,hospital_ni_inner70,column,1,col:MeasureName,254,28,0.8898
baran,hospital_ni_inner70,column,1,col:Address1,228,18,0.9211
baran,hospital_ni_inner70,column,1,col:HospitalName,164,14,0.9146
baran,hospital_ni_inner70,column,1,col:EmergencyService,124,71,0.4274
baran,hospital_ni_inner70,column,1,col:MeasureCode,105,22,0.7905
baran,hospital_ni_inner70,column,1,col:Stateavg,83,20,0.759
baran,hospital_ni_inner70,column,1,col:CountyName,42,23,0.4524
baran,hospital_ni_inner70,column,1,col:State,21,5,0.7619
baran,hospital_ni_inner70,mondrian,2,col:MeasureCode,501,247,0.507
baran,hospital_ni_inner70,mondrian,2,col:City,492,55,0.8882
baran,hospital_ni_inner70,mondrian,2,col:PhoneNumber,491,224,0.5438
baran,hospital_ni_inner70,mondrian,2,col:Address1,484,187,0.6136
baran,hospital_ni_inner70,mondrian,2,col:HospitalOwner,418,138,0.6699
baran,hospital_ni_inner70,mondrian,2,col:Condition,383,135,0.6475
baran,hospital_ni_inner70,mondrian,2,col:Stateavg,338,29,0.9142
baran,hospital_ni_inner70,mondrian,2,col:MeasureName,301,27,0.9103
baran,hospital_ni_inner70,mondrian,2,col:Sample,280,15,0.9464
baran,hospital_ni_inner70,mondrian,2,col:ZipCode,232,26,0.8879
baran,hospital_ni_inner70,mondrian,2,col:HospitalName,217,20,0.9078
baran,hospital_ni_inner70,mondrian,2,col:CountyName,192,23,0.8802
baran,hospital_ni_inner70,mondrian,2,col:EmergencyService,124,124,0.0
baran,hospital_ni_inner70,mondrian,2,col:ProviderNumber,72,22,0.6944
baran,hospital_ni_inner70,mondrian,2,col:State,21,21,0.0
baran,hospital_ni_inner70,mondrian,2,col:Score,19,17,0.1053
baran,hospital_ni_inner70,column,2,col:MeasureCode,501,247,0.507
baran,hospital_ni_inner70,column,2,col:City,492,55,0.8882
baran,hospital_ni_inner70,column,2,col:PhoneNumber,491,224,0.5438
baran,hospital_ni_inner70,column,2,col:Address1,484,187,0.6136
baran,hospital_ni_inner70,column,2,col:HospitalOwner,418,138,0.6699
baran,hospital_ni_inner70,column,2,col:Condition,383,135,0.6475
baran,hospital_ni_inner70,column,2,col:Stateavg,338,29,0.9142
baran,hospital_ni_inner70,column,2,col:MeasureName,301,27,0.9103
baran,hospital_ni_inner70,column,2,col:Sample,280,15,0.9464
baran,hospital_ni_inner70,column,2,col:ZipCode,232,26,0.8879
baran,hospital_ni_inner70,column,2,col:HospitalName,217,20,0.9078
baran,hospital_ni_inner70,column,2,col:CountyName,192,23,0.8802
baran,hospital_ni_inner70,column,2,col:EmergencyService,124,124,0.0
baran,hospital_ni_inner70,column,2,col:ProviderNumber,72,22,0.6944
baran,hospital_ni_inner70,column,2,col:State,21,21,0.0
baran,hospital_ni_inner70,column,2,col:Score,19,17,0.1053
baran,hospital_ni_inner70,mondrian,3,col:ProviderNumber,503,240,0.5229
baran,hospital_ni_inner70,mondrian,3,col:City,492,164,0.6667
baran,hospital_ni_inner70,mondrian,3,col:PhoneNumber,491,17,0.9654
baran,hospital_ni_inner70,mondrian,3,col:HospitalName,483,182,0.6232
baran,hospital_ni_inner70,mondrian,3,col:ZipCode,483,203,0.5797
baran,hospital_ni_inner70,mondrian,3,col:Stateavg,416,20,0.9519
baran,hospital_ni_inner70,mondrian,3,col:Condition,383,163,0.5744
baran,hospital_ni_inner70,mondrian,3,col:HospitalOwner,357,115,0.6779
baran,hospital_ni_inner70,mondrian,3,col:MeasureName,295,28,0.9051
baran,hospital_ni_inner70,mondrian,3,col:Address1,221,20,0.9095
baran,hospital_ni_inner70,mondrian,3,col:CountyName,186,25,0.8656
baran,hospital_ni_inner70,mondrian,3,col:EmergencyService,124,124,0.0
baran,hospital_ni_inner70,mondrian,3,col:Sample,117,17,0.8547
baran,hospital_ni_inner70,mondrian,3,col:MeasureCode,41,22,0.4634
baran,hospital_ni_inner70,mondrian,3,col:State,21,17,0.1905
baran,hospital_ni_inner70,mondrian,3,col:Score,20,17,0.15
baran,hospital_ni_inner70,column,3,col:ProviderNumber,503,240,0.5229
baran,hospital_ni_inner70,column,3,col:City,492,164,0.6667
baran,hospital_ni_inner70,column,3,col:PhoneNumber,491,17,0.9654
baran,hospital_ni_inner70,column,3,col:HospitalName,483,182,0.6232
baran,hospital_ni_inner70,column,3,col:ZipCode,483,203,0.5797
baran,hospital_ni_inner70,column,3,col:Stateavg,416,20,0.9519
baran,hospital_ni_inner70,column,3,col:Condition,383,163,0.5744
baran,hospital_ni_inner70,column,3,col:HospitalOwner,357,115,0.6779
baran,hospital_ni_inner70,column,3,col:MeasureName,295,28,0.9051
baran,hospital_ni_inner70,column,3,col:Address1,221,20,0.9095
baran,hospital_ni_inner70,column,3,col:CountyName,186,25,0.8656
baran,hospital_ni_inner70,column,3,col:EmergencyService,124,124,0.0
baran,hospital_ni_inner70,column,3,col:Sample,117,17,0.8547
baran,hospital_ni_inner70,column,3,col:MeasureCode,41,22,0.4634
baran,hospital_ni_inner70,column,3,col:State,21,17,0.1905
baran,hospital_ni_inner70,column,3,col:Score,20,17,0.15
baran,rayyan_ni_inner10,mondrian,1,col:article_jvolumn,87,3,0.9655
baran,rayyan_ni_inner10,mondrian,1,col:article_jcreated_at,85,3,0.9647
baran,rayyan_ni_inner10,mondrian,1,col:article_jissue,77,16,0.7922
baran,rayyan_ni_inner10,mondrian,1,col:article_language,44,31,0.2955
baran,rayyan_ni_inner10,mondrian,1,col:journal_title,43,4,0.907
baran,rayyan_ni_inner10,mondrian,1,col:article_pagination,36,5,0.8611
baran,rayyan_ni_inner10,mondrian,1,col:article_title,35,5,0.8571
baran,rayyan_ni_inner10,mondrian,1,col:journal_issn,34,3,0.9118
baran,rayyan_ni_inner10,mondrian,1,col:author_list,30,11,0.6333
baran,rayyan_ni_inner10,mondrian,1,col:jounral_abbreviation,26,11,0.5769
baran,rayyan_ni_inner10,mondrian,1,col:id,19,15,0.2105
baran,rayyan_ni_inner10,column,1,col:article_jvolumn,87,3,0.9655
baran,rayyan_ni_inner10,column,1,col:article_jcreated_at,85,3,0.9647
baran,rayyan_ni_inner10,column,1,col:article_jissue,77,16,0.7922
baran,rayyan_ni_inner10,column,1,col:article_language,44,31,0.2955
baran,rayyan_ni_inner10,column,1,col:journal_title,43,4,0.907
baran,rayyan_ni_inner10,column,1,col:article_pagination,36,5,0.8611
baran,rayyan_ni_inner10,column,1,col:article_title,35,5,0.8571
baran,rayyan_ni_inner10,column,1,col:journal_issn,34,3,0.9118
baran,rayyan_ni_inner10,column,1,col:author_list,30,11,0.6333
baran,rayyan_ni_inner10,column,1,col:jounral_abbreviation,26,11,0.5769
baran,rayyan_ni_inner10,column,1,col:id,19,15,0.2105
baran,rayyan_ni_inner10,mondrian,2,col:id,101,2,0.9802
baran,rayyan_ni_inner10,mondrian,2,col:article_jcreated_at,78,3,0.9615
baran,rayyan_ni_inner10,mondrian,2,col:article_pagination,48,5,0.8958
baran,rayyan_ni_inner10,mondrian,2,col:article_jissue,42,5,0.881
baran,rayyan_ni_inner10,mondrian,2,col:author_list,38,2,0.9474
baran,rayyan_ni_inner10,mondrian,2,col:journal_title,32,10,0.6875
baran,rayyan_ni_inner10,mondrian,2,col:jounral_abbreviation,32,19,0.4062
baran,rayyan_ni_inner10,mondrian,2,col:article_title,32,5,0.8438
baran,rayyan_ni_inner10,mondrian,2,col:article_jvolumn,30,8,0.7333
baran,rayyan_ni_inner10,mondrian,2,col:article_language,28,19,0.3214
baran,rayyan_ni_inner10,mondrian,2,col:journal_issn,24,8,0.6667
baran,rayyan_ni_inner10,column,2,col:id,101,2,0.9802
baran,rayyan_ni_inner10,column,2,col:article_jcreated_at,78,3,0.9615
baran,rayyan_ni_inner10,column,2,col:article_pagination,48,5,0.8958
baran,rayyan_ni_inner10,column,2,col:article_jissue,42,5,0.881
baran,rayyan_ni_inner10,column,2,col:author_list,38,2,0.9474
baran,rayyan_ni_inner10,column,2,col:journal_title,32,10,0.6875
baran,rayyan_ni_inner10,column,2,col:jounral_abbreviation,32,19,0.4062
baran,rayyan_ni_inner10,column,2,col:article_title,32,5,0.8438
baran,rayyan_ni_inner10,column,2,col:article_jvolumn,30,8,0.7333
baran,rayyan_ni_inner10,column,2,col:article_language,28,19,0.3214
baran,rayyan_ni_inner10,column,2,col:journal_issn,24,8,0.6667
baran,rayyan_ni_inner10,mondrian,3,col:article_jvolumn,91,5,0.9451
baran,rayyan_ni_inner10,mondrian,3,col:article_jissue,79,15,0.8101
baran,rayyan_ni_inner10,mondrian,3,col:article_pagination,61,1,0.9836
baran,rayyan_ni_inner10,mondrian,3,col:article_jcreated_at,46,4,0.913
baran,rayyan_ni_inner10,mondrian,3,col:article_language,37,27,0.2703
baran,rayyan_ni_inner10,mondrian,3,col:author_list,35,6,0.8286
baran,rayyan_ni_inner10,mondrian,3,col:id,30,7,0.7667
baran,rayyan_ni_inner10,mondrian,3,col:journal_title,28,11,0.6071
baran,rayyan_ni_inner10,mondrian,3,col:journal_issn,27,11,0.5926
baran,rayyan_ni_inner10,mondrian,3,col:article_title,23,8,0.6522
baran,rayyan_ni_inner10,mondrian,3,col:jounral_abbreviation,18,13,0.2778
baran,rayyan_ni_inner10,column,3,col:article_jvolumn,91,5,0.9451
baran,rayyan_ni_inner10,column,3,col:article_jissue,79,15,0.8101
baran,rayyan_ni_inner10,column,3,col:article_pagination,61,1,0.9836
baran,rayyan_ni_inner10,column,3,col:article_jcreated_at,46,4,0.913
baran,rayyan_ni_inner10,column,3,col:article_language,37,27,0.2703
baran,rayyan_ni_inner10,column,3,col:author_list,35,6,0.8286
baran,rayyan_ni_inner10,column,3,col:id,30,7,0.7667
baran,rayyan_ni_inner10,column,3,col:journal_title,28,11,0.6071
baran,rayyan_ni_inner10,column,3,col:journal_issn,27,11,0.5926
baran,rayyan_ni_inner10,column,3,col:article_title,23,8,0.6522
baran,rayyan_ni_inner10,column,3,col:jounral_abbreviation,18,13,0.2778
baran,rayyan_ni_inner30,mondrian,1,col:id,263,4,0.9848
baran,rayyan_ni_inner30,mondrian,1,col:article_jissue,173,31,0.8208
baran,rayyan_ni_inner30,mondrian,1,col:article_jvolumn,141,25,0.8227
baran,rayyan_ni_inner30,mondrian,1,col:article_pagination,114,1,0.9912
baran,rayyan_ni_inner30,mondrian,1,col:article_title,99,13,0.8687
baran,rayyan_ni_inner30,mondrian,1,col:article_language,83,50,0.3976
baran,rayyan_ni_inner30,mondrian,1,col:article_jcreated_at,79,9,0.8861
baran,rayyan_ni_inner30,mondrian,1,col:author_list,78,18,0.7692
baran,rayyan_ni_inner30,mondrian,1,col:jounral_abbreviation,51,23,0.549
baran,rayyan_ni_inner30,mondrian,1,col:journal_title,45,13,0.7111
baran,rayyan_ni_inner30,mondrian,1,col:journal_issn,42,17,0.5952
baran,rayyan_ni_inner30,column,1,col:id,263,4,0.9848
baran,rayyan_ni_inner30,column,1,col:article_jissue,173,31,0.8208
baran,rayyan_ni_inner30,column,1,col:article_jvolumn,141,25,0.8227
baran,rayyan_ni_inner30,column,1,col:article_pagination,114,1,0.9912
baran,rayyan_ni_inner30,column,1,col:article_title,99,13,0.8687
baran,rayyan_ni_inner30,column,1,col:article_language,83,50,0.3976
baran,rayyan_ni_inner30,column,1,col:article_jcreated_at,79,9,0.8861
baran,rayyan_ni_inner30,column,1,col:author_list,78,18,0.7692
baran,rayyan_ni_inner30,column,1,col:jounral_abbreviation,51,23,0.549
baran,rayyan_ni_inner30,column,1,col:journal_title,45,13,0.7111
baran,rayyan_ni_inner30,column,1,col:journal_issn,42,17,0.5952
baran,rayyan_ni_inner30,mondrian,2,col:article_jissue,213,44,0.7934
baran,rayyan_ni_inner30,mondrian,2,col:article_jcreated_at,138,6,0.9565
baran,rayyan_ni_inner30,mondrian,2,col:article_jvolumn,122,30,0.7541
baran,rayyan_ni_inner30,mondrian,2,col:article_language,87,52,0.4023
baran,rayyan_ni_inner30,mondrian,2,col:article_title,64,17,0.7344
baran,rayyan_ni_inner30,mondrian,2,col:id,57,10,0.8246
baran,rayyan_ni_inner30,mondrian,2,col:journal_issn,49,10,0.7959
baran,rayyan_ni_inner30,mondrian,2,col:journal_title,47,13,0.7234
baran,rayyan_ni_inner30,mondrian,2,col:article_pagination,41,3,0.9268
baran,rayyan_ni_inner30,mondrian,2,col:jounral_abbreviation,31,15,0.5161
baran,rayyan_ni_inner30,mondrian,2,col:author_list,28,14,0.5
baran,rayyan_ni_inner30,column,2,col:article_jissue,213,44,0.7934
baran,rayyan_ni_inner30,column,2,col:article_jcreated_at,138,6,0.9565
baran,rayyan_ni_inner30,column,2,col:article_jvolumn,122,30,0.7541
baran,rayyan_ni_inner30,column,2,col:article_language,87,52,0.4023
baran,rayyan_ni_inner30,column,2,col:article_title,64,17,0.7344
baran,rayyan_ni_inner30,column,2,col:id,57,10,0.8246
baran,rayyan_ni_inner30,column,2,col:journal_issn,49,10,0.7959
baran,rayyan_ni_inner30,column,2,col:journal_title,47,13,0.7234
baran,rayyan_ni_inner30,column,2,col:article_pagination,41,3,0.9268
baran,rayyan_ni_inner30,column,2,col:jounral_abbreviation,31,15,0.5161
baran,rayyan_ni_inner30,column,2,col:author_list,28,14,0.5
baran,rayyan_ni_inner30,mondrian,3,col:id,259,5,0.9807
baran,rayyan_ni_inner30,mondrian,3,col:article_jissue,171,34,0.8012
baran,rayyan_ni_inner30,mondrian,3,col:article_language,138,91,0.3406
baran,rayyan_ni_inner30,mondrian,3,col:article_jvolumn,138,28,0.7971
baran,rayyan_ni_inner30,mondrian,3,col:journal_title,109,9,0.9174
baran,rayyan_ni_inner30,mondrian,3,col:article_title,97,12,0.8763
baran,rayyan_ni_inner30,mondrian,3,col:article_pagination,87,3,0.9655
baran,rayyan_ni_inner30,mondrian,3,col:author_list,67,15,0.7761
baran,rayyan_ni_inner30,mondrian,3,col:article_jcreated_at,64,11,0.8281
baran,rayyan_ni_inner30,mondrian,3,col:journal_issn,40,16,0.6
baran,rayyan_ni_inner30,mondrian,3,col:jounral_abbreviation,34,19,0.4412
baran,rayyan_ni_inner30,column,3,col:id,259,5,0.9807
baran,rayyan_ni_inner30,column,3,col:article_jissue,171,34,0.8012
baran,rayyan_ni_inner30,column,3,col:article_language,138,91,0.3406
baran,rayyan_ni_inner30,column,3,col:article_jvolumn,138,28,0.7971
baran,rayyan_ni_inner30,column,3,col:journal_title,109,9,0.9174
baran,rayyan_ni_inner30,column,3,col:article_title,97,12,0.8763
baran,rayyan_ni_inner30,column,3,col:article_pagination,87,3,0.9655
baran,rayyan_ni_inner30,column,3,col:author_list,67,15,0.7761
baran,rayyan_ni_inner30,column,3,col:article_jcreated_at,64,11,0.8281
baran,rayyan_ni_inner30,column,3,col:journal_issn,40,16,0.6
baran,rayyan_ni_inner30,column,3,col:jounral_abbreviation,34,19,0.4412
baran,rayyan_ni_inner50,mondrian,1,col:article_jissue,292,40,0.863
baran,rayyan_ni_inner50,mondrian,1,col:article_jcreated_at,226,16,0.9292
baran,rayyan_ni_inner50,mondrian,1,col:journal_issn,184,17,0.9076
baran,rayyan_ni_inner50,mondrian,1,col:article_jvolumn,148,13,0.9122
baran,rayyan_ni_inner50,mondrian,1,col:id,74,11,0.8514
baran,rayyan_ni_inner50,mondrian,1,col:article_title,66,11,0.8333
baran,rayyan_ni_inner50,mondrian,1,col:author_list,43,17,0.6047
baran,rayyan_ni_inner50,mondrian,1,col:jounral_abbreviation,36,17,0.5278
baran,rayyan_ni_inner50,mondrian,1,col:article_pagination,21,18,0.1429
baran,rayyan_ni_inner50,mondrian,1,col:article_language,17,16,0.0588
baran,rayyan_ni_inner50,mondrian,1,col:journal_title,13,10,0.2308
baran,rayyan_ni_inner50,column,1,col:article_jissue,292,40,0.863
baran,rayyan_ni_inner50,column,1,col:article_jcreated_at,226,16,0.9292
baran,rayyan_ni_inner50,column,1,col:journal_issn,184,17,0.9076
baran,rayyan_ni_inner50,column,1,col:article_jvolumn,148,13,0.9122
baran,rayyan_ni_inner50,column,1,col:id,74,11,0.8514
baran,rayyan_ni_inner50,column,1,col:article_title,66,11,0.8333
baran,rayyan_ni_inner50,column,1,col:author_list,43,17,0.6047
baran,rayyan_ni_inner50,column,1,col:jounral_abbreviation,36,17,0.5278
baran,rayyan_ni_inner50,column,1,col:article_pagination,21,18,0.1429
baran,rayyan_ni_inner50,column,1,col:article_language,17,16,0.0588
baran,rayyan_ni_inner50,column,1,col:journal_title,13,10,0.2308
baran,rayyan_ni_inner50,mondrian,2,col:article_jissue,330,51,0.8455
baran,rayyan_ni_inner50,mondrian,2,col:article_jcreated_at,222,18,0.9189
baran,rayyan_ni_inner50,mondrian,2,col:article_pagination,136,15,0.8897
baran,rayyan_ni_inner50,mondrian,2,col:article_jvolumn,85,12,0.8588
baran,rayyan_ni_inner50,mondrian,2,col:journal_title,65,10,0.8462
baran,rayyan_ni_inner50,mondrian,2,col:author_list,42,16,0.619
baran,rayyan_ni_inner50,mondrian,2,col:article_title,33,15,0.5455
baran,rayyan_ni_inner50,mondrian,2,col:id,23,12,0.4783
baran,rayyan_ni_inner50,mondrian,2,col:journal_issn,20,20,0.0
baran,rayyan_ni_inner50,mondrian,2,col:jounral_abbreviation,19,19,0.0
baran,rayyan_ni_inner50,mondrian,2,col:article_language,18,17,0.0556
baran,rayyan_ni_inner50,column,2,col:article_jissue,330,51,0.8455
baran,rayyan_ni_inner50,column,2,col:article_jcreated_at,222,18,0.9189
baran,rayyan_ni_inner50,column,2,col:article_pagination,136,15,0.8897
baran,rayyan_ni_inner50,column,2,col:article_jvolumn,85,12,0.8588
baran,rayyan_ni_inner50,column,2,col:journal_title,65,10,0.8462
baran,rayyan_ni_inner50,column,2,col:author_list,42,16,0.619
baran,rayyan_ni_inner50,column,2,col:article_title,33,15,0.5455
baran,rayyan_ni_inner50,column,2,col:id,23,12,0.4783
baran,rayyan_ni_inner50,column,2,col:journal_issn,20,20,0.0
baran,rayyan_ni_inner50,column,2,col:jounral_abbreviation,19,19,0.0
baran,rayyan_ni_inner50,column,2,col:article_language,18,17,0.0556
baran,rayyan_ni_inner50,mondrian,3,col:article_jissue,219,33,0.8493
baran,rayyan_ni_inner50,mondrian,3,col:article_jvolumn,157,9,0.9427
baran,rayyan_ni_inner50,mondrian,3,col:article_jcreated_at,139,19,0.8633
baran,rayyan_ni_inner50,mondrian,3,col:article_pagination,132,13,0.9015
baran,rayyan_ni_inner50,mondrian,3,col:author_list,108,15,0.8611
baran,rayyan_ni_inner50,mondrian,3,col:journal_issn,52,19,0.6346
baran,rayyan_ni_inner50,mondrian,3,col:jounral_abbreviation,36,17,0.5278
baran,rayyan_ni_inner50,mondrian,3,col:article_title,31,14,0.5484
baran,rayyan_ni_inner50,mondrian,3,col:id,24,12,0.5
baran,rayyan_ni_inner50,mondrian,3,col:article_language,18,18,0.0
baran,rayyan_ni_inner50,mondrian,3,col:journal_title,17,12,0.2941
baran,rayyan_ni_inner50,column,3,col:article_jissue,219,33,0.8493
baran,rayyan_ni_inner50,column,3,col:article_jvolumn,157,9,0.9427
baran,rayyan_ni_inner50,column,3,col:article_jcreated_at,139,19,0.8633
baran,rayyan_ni_inner50,column,3,col:article_pagination,132,13,0.9015
baran,rayyan_ni_inner50,column,3,col:author_list,108,15,0.8611
baran,rayyan_ni_inner50,column,3,col:journal_issn,52,19,0.6346
baran,rayyan_ni_inner50,column,3,col:jounral_abbreviation,36,17,0.5278
baran,rayyan_ni_inner50,column,3,col:article_title,31,14,0.5484
baran,rayyan_ni_inner50,column,3,col:id,24,12,0.5
baran,rayyan_ni_inner50,column,3,col:article_language,18,18,0.0
baran,rayyan_ni_inner50,column,3,col:journal_title,17,12,0.2941
baran,rayyan_ni_inner70,mondrian,1,col:article_jvolumn,437,16,0.9634
baran,rayyan_ni_inner70,mondrian,1,col:article_jissue,408,26,0.9363
baran,rayyan_ni_inner70,mondrian,1,col:article_language,294,194,0.3401
baran,rayyan_ni_inner70,mondrian,1,col:article_pagination,86,16,0.814
baran,rayyan_ni_inner70,mondrian,1,col:author_list,73,19,0.7397
baran,rayyan_ni_inner70,mondrian,1,col:journal_issn,55,22,0.6
baran,rayyan_ni_inner70,mondrian,1,col:id,47,18,0.617
baran,rayyan_ni_inner70,mondrian,1,col:jounral_abbreviation,47,21,0.5532
baran,rayyan_ni_inner70,mondrian,1,col:article_title,38,16,0.5789
baran,rayyan_ni_inner70,mondrian,1,col:article_jcreated_at,32,18,0.4375
baran,rayyan_ni_inner70,mondrian,1,col:journal_title,28,16,0.4286
baran,rayyan_ni_inner70,column,1,col:article_jvolumn,437,16,0.9634
baran,rayyan_ni_inner70,column,1,col:article_jissue,408,26,0.9363
baran,rayyan_ni_inner70,column,1,col:article_language,294,194,0.3401
baran,rayyan_ni_inner70,column,1,col:article_pagination,86,16,0.814
baran,rayyan_ni_inner70,column,1,col:author_list,73,19,0.7397
baran,rayyan_ni_inner70,column,1,col:journal_issn,55,22,0.6
baran,rayyan_ni_inner70,column,1,col:id,47,18,0.617
baran,rayyan_ni_inner70,column,1,col:jounral_abbreviation,47,21,0.5532
baran,rayyan_ni_inner70,column,1,col:article_title,38,16,0.5789
baran,rayyan_ni_inner70,column,1,col:article_jcreated_at,32,18,0.4375
baran,rayyan_ni_inner70,column,1,col:journal_title,28,16,0.4286
baran,rayyan_ni_inner70,mondrian,2,col:article_jvolumn,470,14,0.9702
baran,rayyan_ni_inner70,mondrian,2,col:article_jcreated_at,458,19,0.9585
baran,rayyan_ni_inner70,mondrian,2,col:id,446,13,0.9709
baran,rayyan_ni_inner70,mondrian,2,col:article_jissue,421,21,0.9501
baran,rayyan_ni_inner70,mondrian,2,col:article_language,261,194,0.2567
baran,rayyan_ni_inner70,mondrian,2,col:journal_title,73,17,0.7671
baran,rayyan_ni_inner70,mondrian,2,col:author_list,62,14,0.7742
baran,rayyan_ni_inner70,mondrian,2,col:journal_issn,57,24,0.5789
baran,rayyan_ni_inner70,mondrian,2,col:article_title,38,19,0.5
baran,rayyan_ni_inner70,mondrian,2,col:jounral_abbreviation,20,20,0.0
baran,rayyan_ni_inner70,mondrian,2,col:article_pagination,20,20,0.0
baran,rayyan_ni_inner70,column,2,col:article_jvolumn,470,14,0.9702
baran,rayyan_ni_inner70,column,2,col:article_jcreated_at,458,19,0.9585
baran,rayyan_ni_inner70,column,2,col:id,446,13,0.9709
baran,rayyan_ni_inner70,column,2,col:article_jissue,421,21,0.9501
baran,rayyan_ni_inner70,column,2,col:article_language,261,194,0.2567
baran,rayyan_ni_inner70,column,2,col:journal_title,73,17,0.7671
baran,rayyan_ni_inner70,column,2,col:author_list,62,14,0.7742
baran,rayyan_ni_inner70,column,2,col:journal_issn,57,24,0.5789
baran,rayyan_ni_inner70,column,2,col:article_title,38,19,0.5
baran,rayyan_ni_inner70,column,2,col:jounral_abbreviation,20,20,0.0
baran,rayyan_ni_inner70,column,2,col:article_pagination,20,20,0.0
baran,rayyan_ni_inner70,mondrian,3,col:article_jvolumn,470,17,0.9638
baran,rayyan_ni_inner70,mondrian,3,col:id,445,11,0.9753
baran,rayyan_ni_inner70,mondrian,3,col:article_jissue,281,22,0.9217
baran,rayyan_ni_inner70,mondrian,3,col:article_language,263,196,0.2548
baran,rayyan_ni_inner70,mondrian,3,col:author_list,62,14,0.7742
baran,rayyan_ni_inner70,mondrian,3,col:article_title,41,17,0.5854
baran,rayyan_ni_inner70,mondrian,3,col:article_jcreated_at,33,17,0.4848
baran,rayyan_ni_inner70,mondrian,3,col:article_pagination,32,19,0.4062
baran,rayyan_ni_inner70,mondrian,3,col:journal_title,27,19,0.2963
baran,rayyan_ni_inner70,mondrian,3,col:jounral_abbreviation,20,20,0.0
baran,rayyan_ni_inner70,mondrian,3,col:journal_issn,20,19,0.05
baran,rayyan_ni_inner70,column,3,col:article_jvolumn,470,17,0.9638
baran,rayyan_ni_inner70,column,3,col:id,445,11,0.9753
baran,rayyan_ni_inner70,column,3,col:article_jissue,281,22,0.9217
baran,rayyan_ni_inner70,column,3,col:article_language,263,196,0.2548
baran,rayyan_ni_inner70,column,3,col:author_list,62,14,0.7742
baran,rayyan_ni_inner70,column,3,col:article_title,41,17,0.5854
baran,rayyan_ni_inner70,column,3,col:article_jcreated_at,33,17,0.4848
baran,rayyan_ni_inner70,column,3,col:article_pagination,32,19,0.4062
baran,rayyan_ni_inner70,column,3,col:journal_title,27,19,0.2963
baran,rayyan_ni_inner70,column,3,col:jounral_abbreviation,20,20,0.0
baran,rayyan_ni_inner70,column,3,col:journal_issn,20,19,0.05
