proposer,base,kind,level,dataset,cell_error_rate,partition,stratifier,draw,alpha,n,error_cells,coverage,acc,pi0,pi_alpha,pi_alpha_floor,n_strata,strata_certifiable,A,A_queue,R,covered,gap,empty,predicted_empty
baran,beers,inner,10,beers_ni_inner10,0.08776,marginal,marginal,0,0.05,1248,2115,0.5901,0.4896,0.0,0.0,0.0,1,0,0.0,0.0,0.0,True,0.0,True,True
baran,beers,inner,10,beers_ni_inner10,0.08776,marginal,marginal,0,0.1,1248,2115,0.5901,0.4896,0.0,0.0,0.0,1,0,0.0,0.0,0.0,True,0.0,True,True
baran,beers,inner,10,beers_ni_inner10,0.08776,marginal,marginal,0,0.2,1248,2115,0.5901,0.4896,0.0,0.0,0.0,1,0,0.0,0.0,0.0,True,0.0,True,True
baran,beers,inner,10,beers_ni_inner10,0.08776,marginal,marginal,1,0.05,1458,2115,0.6894,0.3663,0.0,0.0,0.0,1,0,0.0,0.0,0.0,True,0.0,True,True
baran,beers,inner,10,beers_ni_inner10,0.08776,marginal,marginal,1,0.1,1458,2115,0.6894,0.3663,0.0,0.0,0.0,1,0,0.0,0.0,0.0,True,0.0,True,True
baran,beers,inner,10,beers_ni_inner10,0.08776,marginal,marginal,1,0.2,1458,2115,0.6894,0.3663,0.0,0.0,0.0,1,0,0.0,0.0,0.0,True,0.0,True,True
baran,beers,inner,10,beers_ni_inner10,0.08776,marginal,marginal,2,0.05,955,2115,0.4515,0.355,0.0,0.0,0.0,1,0,0.0,0.0,0.0,True,0.0,True,True
baran,beers,inner,10,beers_ni_inner10,0.08776,marginal,marginal,2,0.1,955,2115,0.4515,0.355,0.0,0.0,0.0,1,0,0.0,0.0,0.0,True,0.0,True,True
baran,beers,inner,10,beers_ni_inner10,0.08776,marginal,marginal,2,0.2,955,2115,0.4515,0.355,0.0,0.0,0.0,1,0,0.0,0.0,0.0,True,0.0,True,True
baran,beers,inner,10,beers_ni_inner10,0.08776,marginal,marginal,3,0.05,1479,2115,0.6993,0.4828,0.0,0.0,0.0,1,0,0.0,0.0,0.0,True,0.0,True,True
baran,beers,inner,10,beers_ni_inner10,0.08776,marginal,marginal,3,0.1,1479,2115,0.6993,0.4828,0.0,0.0,0.0,1,0,0.0,0.0,0.0,True,0.0,True,True
baran,beers,inner,10,beers_ni_inner10,0.08776,marginal,marginal,3,0.2,1479,2115,0.6993,0.4828,0.0,0.0,0.0,1,0,0.0,0.0,0.0,True,0.0,True,True
baran,beers,inner,10,beers_ni_inner10,0.08776,mondrian,column,0,0.05,1248,2115,0.5901,0.4896,0.0,0.0,0.0,10,0,0.0,0.0,0.0,True,0.0,True,True
baran,beers,inner,10,beers_ni_inner10,0.08776,mondrian,column,0,0.1,1248,2115,0.5901,0.4896,0.0,0.0,0.0,10,0,0.0,0.0,0.0,True,0.0,True,True
baran,beers,inner,10,beers_ni_inner10,0.08776,mondrian,column,0,0.2,1248,2115,0.5901,0.4896,0.0,0.1675,0.1675,10,1,0.0,0.0,0.0,True,-0.1675,True,False
baran,beers,inner,10,beers_ni_inner10,0.08776,mondrian,column,1,0.05,1458,2115,0.6894,0.3663,0.0,0.0,0.0,10,0,0.0,0.0,0.0,True,0.0,True,True
baran,beers,inner,10,beers_ni_inner10,0.08776,mondrian,column,1,0.1,1458,2115,0.6894,0.3663,0.0,0.0,0.0,10,0,0.0,0.0,0.0,True,0.0,True,True
baran,beers,inner,10,beers_ni_inner10,0.08776,mondrian,column,1,0.2,1458,2115,0.6894,0.3663,0.0,0.0,0.0,10,0,0.0,0.0,0.0,True,0.0,True,True
baran,beers,inner,10,beers_ni_inner10,0.08776,mondrian,column,2,0.05,955,2115,0.4515,0.355,0.0,0.0,0.0,10,0,0.0,0.0,0.0,True,0.0,True,True
baran,beers,inner,10,beers_ni_inner10,0.08776,mondrian,column,2,0.1,955,2115,0.4515,0.355,0.0,0.0,0.0,10,0,0.0,0.0,0.0,True,0.0,True,True
baran,beers,inner,10,beers_ni_inner10,0.08776,mondrian,column,2,0.2,955,2115,0.4515,0.355,0.0,0.0,0.0,10,0,0.0,0.0,0.0,True,0.0,True,True
baran,beers,inner,10,beers_ni_inner10,0.08776,mondrian,column,3,0.05,1479,2115,0.6993,0.4828,0.0,0.0,0.0,10,0,0.0,0.0,0.0,True,0.0,True,True
baran,beers,inner,10,beers_ni_inner10,0.08776,mondrian,column,3,0.1,1479,2115,0.6993,0.4828,0.0,0.0,0.0,10,0,0.0,0.0,0.0,True,0.0,True,True
baran,beers,inner,10,beers_ni_inner10,0.08776,mondrian,column,3,0.2,1479,2115,0.6993,0.4828,0.0,0.4442,0.4442,10,3,0.0139,0.0097,0.0177,True,-0.4303,False,False
baran,beers,inner,30,beers_ni_inner30,0.23909,marginal,marginal,0,0.05,1410,5762,0.2447,0.3099,0.0,0.0,0.0,1,0,0.0,0.0,0.0,True,0.0,True,True
baran,beers,inner,30,beers_ni_inner30,0.23909,marginal,marginal,0,0.1,1410,5762,0.2447,0.3099,0.0,0.0,0.0,1,0,0.0,0.0,0.0,True,0.0,True,True
baran,beers,inner,30,beers_ni_inner30,0.23909,marginal,marginal,0,0.2,1410,5762,0.2447,0.3099,0.0,0.0,0.0,1,0,0.0,0.0,0.0,True,0.0,True,True
baran,beers,inner,30,beers_ni_inner30,0.23909,marginal,marginal,1,0.05,2054,5762,0.3565,0.2225,0.0,0.0,0.0,1,0,0.0,0.0,0.0,True,0.0,True,True
baran,beers,inner,30,beers_ni_inner30,0.23909,marginal,marginal,1,0.1,2054,5762,0.3565,0.2225,0.0,0.0,0.0,1,0,0.0,0.0,0.0,True,0.0,True,True
baran,beers,inner,30,beers_ni_inner30,0.23909,marginal,marginal,1,0.2,2054,5762,0.3565,0.2225,0.0,0.0,0.0,1,0,0.0,0.0,0.0,True,0.0,True,True
baran,beers,inner,30,beers_ni_inner30,0.23909,marginal,marginal,2,0.05,3453,5762,0.5993,0.1138,0.0,0.0,0.0,1,0,0.0,0.0,0.0,True,0.0,True,True
baran,beers,inner,30,beers_ni_inner30,0.23909,marginal,marginal,2,0.1,3453,5762,0.5993,0.1138,0.0,0.0,0.0,1,0,0.0,0.0,0.0,True,0.0,True,True
baran,beers,inner,30,beers_ni_inner30,0.23909,marginal,marginal,2,0.2,3453,5762,0.5993,0.1138,0.0,0.0,0.0,1,0,0.0,0.0,0.0,True,0.0,True,True
baran,beers,inner,30,beers_ni_inner30,0.23909,marginal,marginal,3,0.05,1600,5762,0.2777,0.195,0.0,0.0,0.0,1,0,0.0,0.0,0.0,True,0.0,True,True
baran,beers,inner,30,beers_ni_inner30,0.23909,marginal,marginal,3,0.1,1600,5762,0.2777,0.195,0.0,0.0,0.0,1,0,0.0,0.0,0.0,True,0.0,True,True
baran,beers,inner,30,beers_ni_inner30,0.23909,marginal,marginal,3,0.2,1600,5762,0.2777,0.195,0.0,0.0,0.0,1,0,0.0,0.0,0.0,True,0.0,True,True
baran,beers,inner,30,beers_ni_inner30,0.23909,mondrian,column,0,0.05,1410,5762,0.2447,0.3099,0.0,0.2213,0.2213,10,1,0.0,0.0,0.0,True,-0.2213,True,False
baran,beers,inner,30,beers_ni_inner30,0.23909,mondrian,column,0,0.1,1410,5762,0.2447,0.3099,0.0,0.2213,0.2213,10,1,0.1548,0.0379,0.0223,True,-0.0665,False,False
baran,beers,inner,30,beers_ni_inner30,0.23909,mondrian,column,0,0.2,1410,5762,0.2447,0.3099,0.0,0.2213,0.2213,10,1,0.2212,0.0541,0.0287,True,-0.0001,False,False
baran,beers,inner,30,beers_ni_inner30,0.23909,mondrian,column,1,0.05,2054,5762,0.3565,0.2225,0.0,0.1519,0.1519,10,1,0.0,0.0,0.0,True,-0.1519,True,False
baran,beers,inner,30,beers_ni_inner30,0.23909,mondrian,column,1,0.1,2054,5762,0.3565,0.2225,0.0,0.1519,0.1519,10,1,0.1063,0.0379,0.0223,True,-0.0456,False,False
baran,beers,inner,30,beers_ni_inner30,0.23909,mondrian,column,1,0.2,2054,5762,0.3565,0.2225,0.0,0.1519,0.1519,10,1,0.1519,0.0541,0.0287,True,-0.0,False,False
baran,beers,inner,30,beers_ni_inner30,0.23909,mondrian,column,2,0.05,3453,5762,0.5993,0.1138,0.0,0.0,0.0,10,0,0.0,0.0,0.0,True,0.0,True,True
baran,beers,inner,30,beers_ni_inner30,0.23909,mondrian,column,2,0.1,3453,5762,0.5993,0.1138,0.0,0.0,0.0,10,0,0.0,0.0,0.0,True,0.0,True,True
baran,beers,inner,30,beers_ni_inner30,0.23909,mondrian,column,2,0.2,3453,5762,0.5993,0.1138,0.0,0.0,0.0,10,0,0.0,0.0,0.0,True,0.0,True,True
baran,beers,inner,30,beers_ni_inner30,0.23909,mondrian,column,3,0.05,1600,5762,0.2777,0.195,0.0,0.0,0.0,10,0,0.0,0.0,0.0,True,0.0,True,True
baran,beers,inner,30,beers_ni_inner30,0.23909,mondrian,column,3,0.1,1600,5762,0.2777,0.195,0.0,0.0,0.0,10,0,0.0,0.0,0.0,True,0.0,True,True
baran,beers,inner,30,beers_ni_inner30,0.23909,mondrian,column,3,0.2,1600,5762,0.2777,0.195,0.0,0.0,0.0,10,0,0.0,0.0,0.0,True,0.0,True,True
baran,beers,inner,50,beers_ni_inner50,0.36071,marginal,marginal,0,0.05,2754,8693,0.3168,0.191,0.0,0.0,0.0,1,0,0.0,0.0,0.0,True,0.0,True,True
baran,beers,inner,50,beers_ni_inner50,0.36071,marginal,marginal,0,0.1,2754,8693,0.3168,0.191,0.0,0.0,0.0,1,0,0.0,0.0,0.0,True,0.0,True,True
baran,beers,inner,50,beers_ni_inner50,0.36071,marginal,marginal,0,0.2,2754,8693,0.3168,0.191,0.0,0.0,0.0,1,0,0.0,0.0,0.0,True,0.0,True,True
baran,beers,inner,50,beers_ni_inner50,0.36071,marginal,marginal,1,0.05,4082,8693,0.4696,0.1502,0.0,0.0,0.0,1,0,0.0,0.0,0.0,True,0.0,True,True
baran,beers,inner,50,beers_ni_inner50,0.36071,marginal,marginal,1,0.1,4082,8693,0.4696,0.1502,0.0,0.0,0.0,1,0,0.0,0.0,0.0,True,0.0,True,True
baran,beers,inner,50,beers_ni_inner50,0.36071,marginal,marginal,1,0.2,4082,8693,0.4696,0.1502,0.0,0.0,0.0,1,0,0.0,0.0,0.0,True,0.0,True,True
baran,beers,inner,50,beers_ni_inner50,0.36071,marginal,marginal,2,0.05,3330,8693,0.3831,0.1844,0.0,0.0,0.0,1,0,0.0,0.0,0.0,True,0.0,True,True
baran,beers,inner,50,beers_ni_inner50,0.36071,marginal,marginal,2,0.1,3330,8693,0.3831,0.1844,0.0,0.0,0.0,1,0,0.0,0.0,0.0,True,0.0,True,True
baran,beers,inner,50,beers_ni_inner50,0.36071,marginal,marginal,2,0.2,3330,8693,0.3831,0.1844,0.0,0.0,0.0,1,0,0.0,0.0,0.0,True,0.0,True,True
baran,beers,inner,50,beers_ni_inner50,0.36071,marginal,marginal,3,0.05,2737,8693,0.3149,0.1944,0.0,0.0,0.0,1,0,0.0,0.0,0.0,True,0.0,True,True
baran,beers,inner,50,beers_ni_inner50,0.36071,marginal,marginal,3,0.1,2737,8693,0.3149,0.1944,0.0,0.0,0.0,1,0,0.0,0.0,0.0,True,0.0,True,True
baran,beers,inner,50,beers_ni_inner50,0.36071,marginal,marginal,3,0.2,2737,8693,0.3149,0.1944,0.0,0.0,0.0,1,0,0.0,0.0,0.0,True,0.0,True,True
baran,beers,inner,50,beers_ni_inner50,0.36071,mondrian,column,0,0.05,2754,8693,0.3168,0.191,0.0,0.0,0.0,10,0,0.0,0.0,0.0,True,0.0,True,True
baran,beers,inner,50,beers_ni_inner50,0.36071,mondrian,column,0,0.1,2754,8693,0.3168,0.191,0.0,0.0,0.0,10,0,0.0,0.0,0.0,True,0.0,True,True
baran,beers,inner,50,beers_ni_inner50,0.36071,mondrian,column,0,0.2,2754,8693,0.3168,0.191,0.0,0.0,0.0,10,0,0.0,0.0,0.0,True,0.0,True,True
baran,beers,inner,50,beers_ni_inner50,0.36071,mondrian,column,1,0.05,4082,8693,0.4696,0.1502,0.0,0.0,0.0,10,0,0.0,0.0,0.0,True,0.0,True,True
baran,beers,inner,50,beers_ni_inner50,0.36071,mondrian,column,1,0.1,4082,8693,0.4696,0.1502,0.0,0.1137,0.1137,10,1,0.0227,0.0107,0.0133,True,-0.091,False,False
baran,beers,inner,50,beers_ni_inner50,0.36071,mondrian,column,1,0.2,4082,8693,0.4696,0.1502,0.0,0.1137,0.1137,10,1,0.1137,0.0534,0.0491,True,0.0,False,False
baran,beers,inner,50,beers_ni_inner50,0.36071,mondrian,column,2,0.05,3330,8693,0.3831,0.1844,0.0,0.0,0.0,10,0,0.0,0.0,0.0,True,0.0,True,True
baran,beers,inner,50,beers_ni_inner50,0.36071,mondrian,column,2,0.1,3330,8693,0.3831,0.1844,0.0,0.1396,0.1396,10,1,0.0139,0.0053,0.0057,True,-0.1257,False,False
baran,beers,inner,50,beers_ni_inner50,0.36071,mondrian,column,2,0.2,3330,8693,0.3831,0.1844,0.0,0.1396,0.1396,10,1,0.1394,0.0534,0.0491,True,-0.0002,False,False
baran,beers,inner,50,beers_ni_inner50,0.36071,mondrian,column,3,0.05,2737,8693,0.3149,0.1944,0.0,0.0,0.0,10,0,0.0,0.0,0.0,True,0.0,True,True
baran,beers,inner,50,beers_ni_inner50,0.36071,mondrian,column,3,0.1,2737,8693,0.3149,0.1944,0.0,0.0,0.0,10,0,0.0,0.0,0.0,True,0.0,True,True
baran,beers,inner,50,beers_ni_inner50,0.36071,mondrian,column,3,0.2,2737,8693,0.3149,0.1944,0.0,0.0,0.0,10,0,0.0,0.0,0.0,True,0.0,True,True
baran,beers,inner,70,beers_ni_inner70,0.45888,marginal,marginal,0,0.05,4304,11059,0.3892,0.1822,0.0,0.0,0.0,1,0,0.0,0.0,0.0,True,0.0,True,True
baran,beers,inner,70,beers_ni_inner70,0.45888,marginal,marginal,0,0.1,4304,11059,0.3892,0.1822,0.0,0.0,0.0,1,0,0.0,0.0,0.0,True,0.0,True,True
baran,beers,inner,70,beers_ni_inner70,0.45888,marginal,marginal,0,0.2,4304,11059,0.3892,0.1822,0.0,0.0,0.0,1,0,0.0,0.0,0.0,True,0.0,True,True
baran,beers,inner,70,beers_ni_inner70,0.45888,marginal,marginal,1,0.05,5011,11059,0.4531,0.1549,0.0,0.0,0.0,1,0,0.0,0.0,0.0,True,0.0,True,True
baran,beers,inner,70,beers_ni_inner70,0.45888,marginal,marginal,1,0.1,5011,11059,0.4531,0.1549,0.0,0.0,0.0,1,0,0.0,0.0,0.0,True,0.0,True,True
baran,beers,inner,70,beers_ni_inner70,0.45888,marginal,marginal,1,0.2,5011,11059,0.4531,0.1549,0.0,0.0,0.0,1,0,0.0,0.0,0.0,True,0.0,True,True
baran,beers,inner,70,beers_ni_inner70,0.45888,marginal,marginal,2,0.05,5175,11059,0.4679,0.155,0.0,0.0,0.0,1,0,0.0,0.0,0.0,True,0.0,True,True
baran,beers,inner,70,beers_ni_inner70,0.45888,marginal,marginal,2,0.1,5175,11059,0.4679,0.155,0.0,0.0,0.0,1,0,0.0,0.0,0.0,True,0.0,True,True
baran,beers,inner,70,beers_ni_inner70,0.45888,marginal,marginal,2,0.2,5175,11059,0.4679,0.155,0.0,0.0,0.0,1,0,0.0,0.0,0.0,True,0.0,True,True
baran,beers,inner,70,beers_ni_inner70,0.45888,marginal,marginal,3,0.05,4852,11059,0.4387,0.1573,0.0,0.0,0.0,1,0,0.0,0.0,0.0,True,0.0,True,True
baran,beers,inner,70,beers_ni_inner70,0.45888,marginal,marginal,3,0.1,4852,11059,0.4387,0.1573,0.0,0.0,0.0,1,0,0.0,0.0,0.0,True,0.0,True,True
baran,beers,inner,70,beers_ni_inner70,0.45888,marginal,marginal,3,0.2,4852,11059,0.4387,0.1573,0.0,0.0,0.0,1,0,0.0,0.0,0.0,True,0.0,True,True
baran,beers,inner,70,beers_ni_inner70,0.45888,mondrian,column,0,0.05,4304,11059,0.3892,0.1822,0.0,0.0,0.0,10,0,0.0,0.0,0.0,True,0.0,True,True
baran,beers,inner,70,beers_ni_inner70,0.45888,mondrian,column,0,0.1,4304,11059,0.3892,0.1822,0.0,0.1341,0.1341,10,1,0.0537,0.0209,0.0222,True,-0.0804,False,False
baran,beers,inner,70,beers_ni_inner70,0.45888,mondrian,column,0,0.2,4304,11059,0.3892,0.1822,0.0,0.1341,0.1341,10,1,0.1341,0.0522,0.0473,True,0.0,False,False
baran,beers,inner,70,beers_ni_inner70,0.45888,mondrian,column,1,0.05,5011,11059,0.4531,0.1549,0.0,0.1151,0.1151,10,1,0.0,0.0,0.0,True,-0.1151,True,False
baran,beers,inner,70,beers_ni_inner70,0.45888,mondrian,column,1,0.1,5011,11059,0.4531,0.1549,0.0,0.1151,0.1151,10,1,0.0691,0.0313,0.0323,True,-0.046,False,False
baran,beers,inner,70,beers_ni_inner70,0.45888,mondrian,column,1,0.2,5011,11059,0.4531,0.1549,0.0,0.1151,0.1151,10,1,0.1152,0.0522,0.0493,True,0.0001,False,False
baran,beers,inner,70,beers_ni_inner70,0.45888,mondrian,column,2,0.05,5175,11059,0.4679,0.155,0.0,0.1094,0.1094,10,1,0.0,0.0,0.0,True,-0.1094,True,False
baran,beers,inner,70,beers_ni_inner70,0.45888,mondrian,column,2,0.1,5175,11059,0.4679,0.155,0.0,0.1094,0.1094,10,1,0.0875,0.0409,0.0344,True,-0.0219,False,False
baran,beers,inner,70,beers_ni_inner70,0.45888,mondrian,column,2,0.2,5175,11059,0.4679,0.155,0.0,0.1094,0.1094,10,1,0.1094,0.0512,0.0412,True,-0.0,False,False
baran,beers,inner,70,beers_ni_inner70,0.45888,mondrian,column,3,0.05,4852,11059,0.4387,0.1573,0.0041,0.123,0.1189,10,1,0.0,0.0,0.0,True,-0.1189,True,False
baran,beers,inner,70,beers_ni_inner70,0.45888,mondrian,column,3,0.1,4852,11059,0.4387,0.1573,0.0041,0.123,0.1189,10,1,0.1071,0.047,0.0467,True,-0.0118,False,False
baran,beers,inner,70,beers_ni_inner70,0.45888,mondrian,column,3,0.2,4852,11059,0.4387,0.1573,0.0041,0.123,0.1189,10,1,0.119,0.0522,0.0507,True,0.0001,False,False
baran,flights,inner,10,flights_ni_inner10,0.09287,marginal,marginal,1,0.05,1082,1324,0.8172,0.6913,0.0,0.0,0.0,1,0,0.0,0.0,0.0,True,0.0,True,True
baran,flights,inner,10,flights_ni_inner10,0.09287,marginal,marginal,1,0.1,1082,1324,0.8172,0.6913,0.0,0.0,0.0,1,0,0.0,0.0,0.0,True,0.0,True,True
baran,flights,inner,10,flights_ni_inner10,0.09287,marginal,marginal,1,0.2,1082,1324,0.8172,0.6913,0.0,0.0,0.0,1,0,0.0,0.0,0.0,True,0.0,True,True
baran,flights,inner,10,flights_ni_inner10,0.09287,marginal,marginal,2,0.05,935,1324,0.7062,0.6203,0.0,0.0,0.0,1,0,0.0,0.0,0.0,True,0.0,True,True
baran,flights,inner,10,flights_ni_inner10,0.09287,marginal,marginal,2,0.1,935,1324,0.7062,0.6203,0.0,0.0,0.0,1,0,0.0,0.0,0.0,True,0.0,True,True
baran,flights,inner,10,flights_ni_inner10,0.09287,marginal,marginal,2,0.2,935,1324,0.7062,0.6203,0.0,0.0,0.0,1,0,0.0,0.0,0.0,True,0.0,True,True
baran,flights,inner,10,flights_ni_inner10,0.09287,marginal,marginal,3,0.05,1074,1324,0.8112,0.6397,0.0,0.0,0.0,1,0,0.0,0.0,0.0,True,0.0,True,True
baran,flights,inner,10,flights_ni_inner10,0.09287,marginal,marginal,3,0.1,1074,1324,0.8112,0.6397,0.0,0.0,0.0,1,0,0.0,0.0,0.0,True,0.0,True,True
baran,flights,inner,10,flights_ni_inner10,0.09287,marginal,marginal,3,0.2,1074,1324,0.8112,0.6397,0.0,0.0,0.0,1,0,0.0,0.0,0.0,True,0.0,True,True
baran,flights,inner,10,flights_ni_inner10,0.09287,mondrian,column,1,0.05,1082,1324,0.8172,0.6913,0.0,0.0,0.0,6,0,0.0,0.0,0.0,True,0.0,True,True
baran,flights,inner,10,flights_ni_inner10,0.09287,mondrian,column,1,0.1,1082,1324,0.8172,0.6913,0.0,0.1932,0.1932,6,1,0.0193,0.0158,0.0151,True,-0.1739,False,False
baran,flights,inner,10,flights_ni_inner10,0.09287,mondrian,column,1,0.2,1082,1324,0.8172,0.6913,0.0,0.3845,0.3845,6,2,0.0773,0.0632,0.0476,True,-0.3072,False,False
baran,flights,inner,10,flights_ni_inner10,0.09287,mondrian,column,2,0.05,935,1324,0.7062,0.6203,0.0,0.0,0.0,6,0,0.0,0.0,0.0,True,0.0,True,True
baran,flights,inner,10,flights_ni_inner10,0.09287,mondrian,column,2,0.1,935,1324,0.7062,0.6203,0.0,0.0,0.0,6,0,0.0,0.0,0.0,True,0.0,True,True
baran,flights,inner,10,flights_ni_inner10,0.09287,mondrian,column,2,0.2,935,1324,0.7062,0.6203,0.0,0.446,0.446,6,2,0.0,0.0,0.0,True,-0.446,True,False
baran,flights,inner,10,flights_ni_inner10,0.09287,mondrian,column,3,0.05,1074,1324,0.8112,0.6397,0.0,0.0,0.0,6,0,0.0,0.0,0.0,True,0.0,True,True
baran,flights,inner,10,flights_ni_inner10,0.09287,mondrian,column,3,0.1,1074,1324,0.8112,0.6397,0.0,0.4171,0.4171,6,2,0.0,0.0,0.0,True,-0.4171,True,False
baran,flights,inner,10,flights_ni_inner10,0.09287,mondrian,column,3,0.2,1074,1324,0.8112,0.6397,0.0,0.6117,0.6117,6,3,0.2967,0.2407,0.0804,True,-0.315,False,False
baran,flights,inner,30,flights_ni_inner30,0.25386,marginal,marginal,1,0.05,696,3619,0.1923,0.1466,0.0,0.0,0.0,1,0,0.0,0.0,0.0,True,0.0,True,True
baran,flights,inner,30,flights_ni_inner30,0.25386,marginal,marginal,1,0.1,696,3619,0.1923,0.1466,0.0,0.0,0.0,1,0,0.0,0.0,0.0,True,0.0,True,True
baran,flights,inner,30,flights_ni_inner30,0.25386,marginal,marginal,1,0.2,696,3619,0.1923,0.1466,0.0,0.0,0.0,1,0,0.0,0.0,0.0,True,0.0,True,True
baran,flights,inner,30,flights_ni_inner30,0.25386,marginal,marginal,2,0.05,916,3619,0.2531,0.107,0.0,0.0,0.0,1,0,0.0,0.0,0.0,True,0.0,True,True
baran,flights,inner,30,flights_ni_inner30,0.25386,marginal,marginal,2,0.1,916,3619,0.2531,0.107,0.0,0.0,0.0,1,0,0.0,0.0,0.0,True,0.0,True,True
baran,flights,inner,30,flights_ni_inner30,0.25386,marginal,marginal,2,0.2,916,3619,0.2531,0.107,0.0,0.0,0.0,1,0,0.0,0.0,0.0,True,0.0,True,True
baran,flights,inner,30,flights_ni_inner30,0.25386,marginal,marginal,3,0.05,1527,3619,0.4219,0.0681,0.0,0.0,0.0,1,0,0.0,0.0,0.0,True,0.0,True,True
baran,flights,inner,30,flights_ni_inner30,0.25386,marginal,marginal,3,0.1,1527,3619,0.4219,0.0681,0.0,0.0,0.0,1,0,0.0,0.0,0.0,True,0.0,True,True
baran,flights,inner,30,flights_ni_inner30,0.25386,marginal,marginal,3,0.2,1527,3619,0.4219,0.0681,0.0,0.0,0.0,1,0,0.0,0.0,0.0,True,0.0,True,True
baran,flights,inner,30,flights_ni_inner30,0.25386,mondrian,column,1,0.05,696,3619,0.1923,0.1466,0.0,0.0,0.0,6,0,0.0,0.0,0.0,True,0.0,True,True
baran,flights,inner,30,flights_ni_inner30,0.25386,mondrian,column,1,0.1,696,3619,0.1923,0.1466,0.0,0.0,0.0,6,0,0.0,0.0,0.0,True,0.0,True,True
baran,flights,inner,30,flights_ni_inner30,0.25386,mondrian,column,1,0.2,696,3619,0.1923,0.1466,0.0,0.0,0.0,6,0,0.0,0.0,0.0,True,0.0,True,True
baran,flights,inner,30,flights_ni_inner30,0.25386,mondrian,column,2,0.05,916,3619,0.2531,0.107,0.0,0.0,0.0,6,0,0.0,0.0,0.0,True,0.0,True,True
baran,flights,inner,30,flights_ni_inner30,0.25386,mondrian,column,2,0.1,916,3619,0.2531,0.107,0.0,0.0,0.0,6,0,0.0,0.0,0.0,True,0.0,True,True
baran,flights,inner,30,flights_ni_inner30,0.25386,mondrian,column,2,0.2,916,3619,0.2531,0.107,0.0,0.0,0.0,6,0,0.0,0.0,0.0,True,0.0,True,True
baran,flights,inner,30,flights_ni_inner30,0.25386,mondrian,column,3,0.05,1527,3619,0.4219,0.0681,0.0,0.0,0.0,6,0,0.0,0.0,0.0,True,0.0,True,True
baran,flights,inner,30,flights_ni_inner30,0.25386,mondrian,column,3,0.1,1527,3619,0.4219,0.0681,0.0,0.0,0.0,6,0,0.0,0.0,0.0,True,0.0,True,True
baran,flights,inner,30,flights_ni_inner30,0.25386,mondrian,column,3,0.2,1527,3619,0.4219,0.0681,0.0,0.0,0.0,6,0,0.0,0.0,0.0,True,0.0,True,True
baran,flights,inner,50,flights_ni_inner50,0.38622,marginal,marginal,1,0.05,3046,5506,0.5532,0.0502,0.0,0.0,0.0,1,0,0.0,0.0,0.0,True,0.0,True,True
baran,flights,inner,50,flights_ni_inner50,0.38622,marginal,marginal,1,0.1,3046,5506,0.5532,0.0502,0.0,0.0,0.0,1,0,0.0,0.0,0.0,True,0.0,True,True
baran,flights,inner,50,flights_ni_inner50,0.38622,marginal,marginal,1,0.2,3046,5506,0.5532,0.0502,0.0,0.0,0.0,1,0,0.0,0.0,0.0,True,0.0,True,True
baran,flights,inner,50,flights_ni_inner50,0.38622,marginal,marginal,2,0.05,2470,5506,0.4486,0.0571,0.0,0.0,0.0,1,0,0.0,0.0,0.0,True,0.0,True,True
baran,flights,inner,50,flights_ni_inner50,0.38622,marginal,marginal,2,0.1,2470,5506,0.4486,0.0571,0.0,0.0,0.0,1,0,0.0,0.0,0.0,True,0.0,True,True
baran,flights,inner,50,flights_ni_inner50,0.38622,marginal,marginal,2,0.2,2470,5506,0.4486,0.0571,0.0,0.0,0.0,1,0,0.0,0.0,0.0,True,0.0,True,True
baran,flights,inner,50,flights_ni_inner50,0.38622,marginal,marginal,3,0.05,2439,5506,0.443,0.0549,0.0,0.0,0.0,1,0,0.0,0.0,0.0,True,0.0,True,True
baran,flights,inner,50,flights_ni_inner50,0.38622,marginal,marginal,3,0.1,2439,5506,0.443,0.0549,0.0,0.0,0.0,1,0,0.0,0.0,0.0,True,0.0,True,True
baran,flights,inner,50,flights_ni_inner50,0.38622,marginal,marginal,3,0.2,2439,5506,0.443,0.0549,0.0,0.0,0.0,1,0,0.0,0.0,0.0,True,0.0,True,True
baran,flights,inner,50,flights_ni_inner50,0.38622,mondrian,column,1,0.05,3046,5506,0.5532,0.0502,0.0,0.0,0.0,6,0,0.0,0.0,0.0,True,0.0,True,True
baran,flights,inner,50,flights_ni_inner50,0.38622,mondrian,column,1,0.1,3046,5506,0.5532,0.0502,0.0,0.0,0.0,6,0,0.0,0.0,0.0,True,0.0,True,True
baran,flights,inner,50,flights_ni_inner50,0.38622,mondrian,column,1,0.2,3046,5506,0.5532,0.0502,0.0,0.0,0.0,6,0,0.0,0.0,0.0,True,0.0,True,True
baran,flights,inner,50,flights_ni_inner50,0.38622,mondrian,column,2,0.05,2470,5506,0.4486,0.0571,0.0,0.0,0.0,6,0,0.0,0.0,0.0,True,0.0,True,True
baran,flights,inner,50,flights_ni_inner50,0.38622,mondrian,column,2,0.1,2470,5506,0.4486,0.0571,0.0,0.0,0.0,6,0,0.0,0.0,0.0,True,0.0,True,True
baran,flights,inner,50,flights_ni_inner50,0.38622,mondrian,column,2,0.2,2470,5506,0.4486,0.0571,0.0,0.0,0.0,6,0,0.0,0.0,0.0,True,0.0,True,True
baran,flights,inner,50,flights_ni_inner50,0.38622,mondrian,column,3,0.05,2439,5506,0.443,0.0549,0.0,0.0,0.0,6,0,0.0,0.0,0.0,True,0.0,True,True
baran,flights,inner,50,flights_ni_inner50,0.38622,mondrian,column,3,0.1,2439,5506,0.443,0.0549,0.0,0.0,0.0,6,0,0.0,0.0,0.0,True,0.0,True,True
baran,flights,inner,50,flights_ni_inner50,0.38622,mondrian,column,3,0.2,2439,5506,0.443,0.0549,0.0,0.0,0.0,6,0,0.0,0.0,0.0,True,0.0,True,True
baran,flights,inner,70,flights_ni_inner70,0.49439,marginal,marginal,1,0.05,2499,7048,0.3546,0.058,0.0,0.0,0.0,1,0,0.0,0.0,0.0,True,0.0,True,True
baran,flights,inner,70,flights_ni_inner70,0.49439,marginal,marginal,1,0.1,2499,7048,0.3546,0.058,0.0,0.0,0.0,1,0,0.0,0.0,0.0,True,0.0,True,True
baran,flights,inner,70,flights_ni_inner70,0.49439,marginal,marginal,1,0.2,2499,7048,0.3546,0.058,0.0,0.0,0.0,1,0,0.0,0.0,0.0,True,0.0,True,True
baran,flights,inner,70,flights_ni_inner70,0.49439,marginal,marginal,2,0.05,3343,7048,0.4743,0.1846,0.0,0.0,0.0,1,0,0.0,0.0,0.0,True,0.0,True,True
baran,flights,inner,70,flights_ni_inner70,0.49439,marginal,marginal,2,0.1,3343,7048,0.4743,0.1846,0.0,0.0,0.0,1,0,0.0,0.0,0.0,True,0.0,True,True
baran,flights,inner,70,flights_ni_inner70,0.49439,marginal,marginal,2,0.2,3343,7048,0.4743,0.1846,0.0,0.0,0.0,1,0,0.0,0.0,0.0,True,0.0,True,True
baran,flights,inner,70,flights_ni_inner70,0.49439,marginal,marginal,3,0.05,2421,7048,0.3435,0.0591,0.0,0.0,0.0,1,0,0.0,0.0,0.0,True,0.0,True,True
baran,flights,inner,70,flights_ni_inner70,0.49439,marginal,marginal,3,0.1,2421,7048,0.3435,0.0591,0.0,0.0,0.0,1,0,0.0,0.0,0.0,True,0.0,True,True
baran,flights,inner,70,flights_ni_inner70,0.49439,marginal,marginal,3,0.2,2421,7048,0.3435,0.0591,0.0,0.0,0.0,1,0,0.0,0.0,0.0,True,0.0,True,True
baran,flights,inner,70,flights_ni_inner70,0.49439,mondrian,column,1,0.05,2499,7048,0.3546,0.058,0.0,0.0,0.0,6,0,0.0,0.0,0.0,True,0.0,True,True
baran,flights,inner,70,flights_ni_inner70,0.49439,mondrian,column,1,0.1,2499,7048,0.3546,0.058,0.0,0.0,0.0,6,0,0.0,0.0,0.0,True,0.0,True,True
baran,flights,inner,70,flights_ni_inner70,0.49439,mondrian,column,1,0.2,2499,7048,0.3546,0.058,0.0,0.0,0.0,6,0,0.0,0.0,0.0,True,0.0,True,True
baran,flights,inner,70,flights_ni_inner70,0.49439,mondrian,column,2,0.05,3343,7048,0.4743,0.1846,0.0,0.0,0.0,6,0,0.0,0.0,0.0,True,0.0,True,True
baran,flights,inner,70,flights_ni_inner70,0.49439,mondrian,column,2,0.1,3343,7048,0.4743,0.1846,0.0,0.0,0.0,6,0,0.0,0.0,0.0,True,0.0,True,True
baran,flights,inner,70,flights_ni_inner70,0.49439,mondrian,column,2,0.2,3343,7048,0.4743,0.1846,0.0,0.0,0.0,6,0,0.0,0.0,0.0,True,0.0,True,True
baran,flights,inner,70,flights_ni_inner70,0.49439,mondrian,column,3,0.05,2421,7048,0.3435,0.0591,0.0,0.0,0.0,6,0,0.0,0.0,0.0,True,0.0,True,True
baran,flights,inner,70,flights_ni_inner70,0.49439,mondrian,column,3,0.1,2421,7048,0.3435,0.0591,0.0,0.0,0.0,6,0,0.0,0.0,0.0,True,0.0,True,True
baran,flights,inner,70,flights_ni_inner70,0.49439,mondrian,column,3,0.2,2421,7048,0.3435,0.0591,0.0,0.0,0.0,6,0,0.0,0.0,0.0,True,0.0,True,True
baran,hospital,inner,10,hospital_ni_inner10,0.06637,marginal,marginal,1,0.05,1179,1261,0.935,0.8287,0.0,0.0,0.0,1,0,0.0,0.0,0.0,True,0.0,True,True
baran,hospital,inner,10,hospital_ni_inner10,0.06637,marginal,marginal,1,0.1,1179,1261,0.935,0.8287,0.0,0.0,0.0,1,0,0.0,0.0,0.0,True,0.0,True,True
baran,hospital,inner,10,hospital_ni_inner10,0.06637,marginal,marginal,1,0.2,1179,1261,0.935,0.8287,0.0,1.0,1.0,1,1,0.1,0.0935,0.0185,True,-0.9,False,False
baran,hospital,inner,10,hospital_ni_inner10,0.06637,marginal,marginal,2,0.05,1237,1261,0.981,0.7712,0.0,0.0,0.0,1,0,0.0,0.0,0.0,True,0.0,True,True
baran,hospital,inner,10,hospital_ni_inner10,0.06637,marginal,marginal,2,0.1,1237,1261,0.981,0.7712,0.0,0.0,0.0,1,0,0.0,0.0,0.0,True,0.0,True,True
baran,hospital,inner,10,hospital_ni_inner10,0.06637,marginal,marginal,2,0.2,1237,1261,0.981,0.7712,0.0,0.0,0.0,1,0,0.0,0.0,0.0,True,0.0,True,True
baran,hospital,inner,10,hospital_ni_inner10,0.06637,marginal,marginal,3,0.05,1219,1261,0.9667,0.7211,0.0,0.0,0.0,1,0,0.0,0.0,0.0,True,0.0,True,True
baran,hospital,inner,10,hospital_ni_inner10,0.06637,marginal,marginal,3,0.1,1219,1261,0.9667,0.7211,0.0,0.0,0.0,1,0,0.0,0.0,0.0,True,0.0,True,True
baran,hospital,inner,10,hospital_ni_inner10,0.06637,marginal,marginal,3,0.2,1219,1261,0.9667,0.7211,0.0,0.0,0.0,1,0,0.0,0.0,0.0,True,0.0,True,True
baran,hospital,inner,10,hospital_ni_inner10,0.06637,mondrian,column,1,0.05,1179,1261,0.935,0.8287,0.0,0.1459,0.0,15,0,0.0,0.0,0.0,True,0.0,True,True
baran,hospital,inner,10,hospital_ni_inner10,0.06637,mondrian,column,1,0.1,1179,1261,0.935,0.8287,0.0,0.3486,0.0,15,0,0.0,0.0,0.0,True,0.0,True,True
baran,hospital,inner,10,hospital_ni_inner10,0.06637,mondrian,column,1,0.2,1179,1261,0.935,0.8287,0.0,0.7506,0.7345,15,10,0.0653,0.0611,0.0657,True,-0.6692,False,False
baran,hospital,inner,10,hospital_ni_inner10,0.06637,mondrian,column,2,0.05,1237,1261,0.981,0.7712,0.0,0.1245,0.0,15,0,0.0,0.0,0.0,True,0.0,True,True
baran,hospital,inner,10,hospital_ni_inner10,0.06637,mondrian,column,2,0.1,1237,1261,0.981,0.7712,0.0,0.2692,0.0,15,0,0.0,0.0,0.0,True,0.0,True,True
baran,hospital,inner,10,hospital_ni_inner10,0.06637,mondrian,column,2,0.2,1237,1261,0.981,0.7712,0.0,0.6419,0.6419,15,9,0.0625,0.0613,0.0568,True,-0.5794,False,False
baran,hospital,inner,10,hospital_ni_inner10,0.06637,mondrian,column,3,0.05,1219,1261,0.9667,0.7211,0.0,0.0681,0.0,15,0,0.0,0.0,0.0,True,0.0,True,True
baran,hospital,inner,10,hospital_ni_inner10,0.06637,mondrian,column,3,0.1,1219,1261,0.9667,0.7211,0.0,0.4733,0.0,15,0,0.0,0.0,0.0,True,0.0,True,True
baran,hospital,inner,10,hospital_ni_inner10,0.06637,mondrian,column,3,0.2,1219,1261,0.9667,0.7211,0.0,0.63,0.6144,15,8,0.0853,0.0824,0.0729,True,-0.5291,False,False
baran,hospital,inner,30,hospital_ni_inner30,0.18526,marginal,marginal,1,0.05,3186,3520,0.9051,0.5719,0.0,0.0,0.0,1,0,0.0,0.0,0.0,True,0.0,True,True
baran,hospital,inner,30,hospital_ni_inner30,0.18526,marginal,marginal,1,0.1,3186,3520,0.9051,0.5719,0.0,0.0,0.0,1,0,0.0,0.0,0.0,True,0.0,True,True
baran,hospital,inner,30,hospital_ni_inner30,0.18526,marginal,marginal,1,0.2,3186,3520,0.9051,0.5719,0.0,0.0,0.0,1,0,0.0,0.0,0.0,True,0.0,True,True
baran,hospital,inner,30,hospital_ni_inner30,0.18526,marginal,marginal,2,0.05,2997,3520,0.8514,0.4882,0.0,0.0,0.0,1,0,0.0,0.0,0.0,True,0.0,True,True
baran,hospital,inner,30,hospital_ni_inner30,0.18526,marginal,marginal,2,0.1,2997,3520,0.8514,0.4882,0.0,0.0,0.0,1,0,0.0,0.0,0.0,True,0.0,True,True
baran,hospital,inner,30,hospital_ni_inner30,0.18526,marginal,marginal,2,0.2,2997,3520,0.8514,0.4882,0.0,0.0,0.0,1,0,0.0,0.0,0.0,True,0.0,True,True
baran,hospital,inner,30,hospital_ni_inner30,0.18526,marginal,marginal,3,0.05,3088,3520,0.8773,0.443,0.0,0.0,0.0,1,0,0.0,0.0,0.0,True,0.0,True,True
baran,hospital,inner,30,hospital_ni_inner30,0.18526,marginal,marginal,3,0.1,3088,3520,0.8773,0.443,0.0,0.0,0.0,1,0,0.0,0.0,0.0,True,0.0,True,True
baran,hospital,inner,30,hospital_ni_inner30,0.18526,marginal,marginal,3,0.2,3088,3520,0.8773,0.443,0.0,0.0,0.0,1,0,0.0,0.0,0.0,True,0.0,True,True
baran,hospital,inner,30,hospital_ni_inner30,0.18526,mondrian,column,1,0.05,3186,3520,0.9051,0.5719,0.0,0.0,0.0,16,0,0.0,0.0,0.0,True,0.0,True,True
baran,hospital,inner,30,hospital_ni_inner30,0.18526,mondrian,column,1,0.1,3186,3520,0.9051,0.5719,0.0,0.0,0.0,16,0,0.0,0.0,0.0,True,0.0,True,True
baran,hospital,inner,30,hospital_ni_inner30,0.18526,mondrian,column,1,0.2,3186,3520,0.9051,0.5719,0.0,0.1296,0.1277,16,2,0.0,0.0,0.0,True,-0.1277,True,False
baran,hospital,inner,30,hospital_ni_inner30,0.18526,mondrian,column,2,0.05,2997,3520,0.8514,0.4882,0.0,0.0,0.0,16,0,0.0,0.0,0.0,True,0.0,True,True
baran,hospital,inner,30,hospital_ni_inner30,0.18526,mondrian,column,2,0.1,2997,3520,0.8514,0.4882,0.0,0.0,0.0,16,0,0.0,0.0,0.0,True,0.0,True,True
baran,hospital,inner,30,hospital_ni_inner30,0.18526,mondrian,column,2,0.2,2997,3520,0.8514,0.4882,0.0,0.025,0.023,16,1,0.0,0.0,0.0,True,-0.023,True,False
baran,hospital,inner,30,hospital_ni_inner30,0.18526,mondrian,column,3,0.05,3088,3520,0.8773,0.443,0.0,0.0,0.0,16,0,0.0,0.0,0.0,True,0.0,True,True
baran,hospital,inner,30,hospital_ni_inner30,0.18526,mondrian,column,3,0.1,3088,3520,0.8773,0.443,0.0,0.0223,0.0,16,0,0.0,0.0,0.0,True,0.0,True,True
baran,hospital,inner,30,hospital_ni_inner30,0.18526,mondrian,column,3,0.2,3088,3520,0.8773,0.443,0.0,0.0858,0.0839,16,2,0.0023,0.002,0.0119,True,-0.0816,False,False
baran,hospital,inner,50,hospital_ni_inner50,0.27879,marginal,marginal,1,0.05,4768,5297,0.9001,0.3886,0.0,0.0,0.0,1,0,0.0,0.0,0.0,True,0.0,True,True
baran,hospital,inner,50,hospital_ni_inner50,0.27879,marginal,marginal,1,0.1,4768,5297,0.9001,0.3886,0.0,0.0,0.0,1,0,0.0,0.0,0.0,True,0.0,True,True
baran,hospital,inner,50,hospital_ni_inner50,0.27879,marginal,marginal,1,0.2,4768,5297,0.9001,0.3886,0.0,0.0,0.0,1,0,0.0,0.0,0.0,True,0.0,True,True
baran,hospital,inner,50,hospital_ni_inner50,0.27879,marginal,marginal,2,0.05,4564,5297,0.8616,0.4483,0.0,0.0,0.0,1,0,0.0,0.0,0.0,True,0.0,True,True
baran,hospital,inner,50,hospital_ni_inner50,0.27879,marginal,marginal,2,0.1,4564,5297,0.8616,0.4483,0.0,0.0,0.0,1,0,0.0,0.0,0.0,True,0.0,True,True
baran,hospital,inner,50,hospital_ni_inner50,0.27879,marginal,marginal,2,0.2,4564,5297,0.8616,0.4483,0.0,0.0,0.0,1,0,0.0,0.0,0.0,True,0.0,True,True
baran,hospital,inner,50,hospital_ni_inner50,0.27879,marginal,marginal,3,0.05,3776,5297,0.7129,0.4261,0.0,0.0,0.0,1,0,0.0,0.0,0.0,True,0.0,True,True
baran,hospital,inner,50,hospital_ni_inner50,0.27879,marginal,marginal,3,0.1,3776,5297,0.7129,0.4261,0.0,0.0,0.0,1,0,0.0,0.0,0.0,True,0.0,True,True
baran,hospital,inner,50,hospital_ni_inner50,0.27879,marginal,marginal,3,0.2,3776,5297,0.7129,0.4261,0.0,0.0,0.0,1,0,0.0,0.0,0.0,True,0.0,True,True
baran,hospital,inner,50,hospital_ni_inner50,0.27879,mondrian,column,1,0.05,4768,5297,0.9001,0.3886,0.018,0.018,0.0,16,0,0.0,0.0,0.0,True,0.0,True,True
baran,hospital,inner,50,hospital_ni_inner50,0.27879,mondrian,column,1,0.1,4768,5297,0.9001,0.3886,0.018,0.018,0.0,16,0,0.0,0.0,0.0,True,0.0,True,True
baran,hospital,inner,50,hospital_ni_inner50,0.27879,mondrian,column,1,0.2,4768,5297,0.9001,0.3886,0.018,0.0224,0.018,16,1,0.0181,0.0163,0.0,True,0.0001,False,False
baran,hospital,inner,50,hospital_ni_inner50,0.27879,mondrian,column,2,0.05,4564,5297,0.8616,0.4483,0.0,0.0,0.0,16,0,0.0,0.0,0.0,True,0.0,True,True
baran,hospital,inner,50,hospital_ni_inner50,0.27879,mondrian,column,2,0.1,4564,5297,0.8616,0.4483,0.0,0.0,0.0,16,0,0.0,0.0,0.0,True,0.0,True,True
baran,hospital,inner,50,hospital_ni_inner50,0.27879,mondrian,column,2,0.2,4564,5297,0.8616,0.4483,0.0,0.0234,0.0188,16,1,0.0,0.0,0.0,True,-0.0188,True,False
baran,hospital,inner,50,hospital_ni_inner50,0.27879,mondrian,column,3,0.05,3776,5297,0.7129,0.4261,0.0,0.0,0.0,16,0,0.0,0.0,0.0,True,0.0,True,True
baran,hospital,inner,50,hospital_ni_inner50,0.27879,mondrian,column,3,0.1,3776,5297,0.7129,0.4261,0.0,0.0,0.0,16,0,0.0,0.0,0.0,True,0.0,True,True
baran,hospital,inner,50,hospital_ni_inner50,0.27879,mondrian,column,3,0.2,3776,5297,0.7129,0.4261,0.0,0.0228,0.0228,16,1,0.0,0.0,0.0,True,-0.0228,True,False
baran,hospital,inner,70,hospital_ni_inner70,0.35847,marginal,marginal,1,0.05,4626,6811,0.6792,0.2875,0.0,0.0,0.0,1,0,0.0,0.0,0.0,True,0.0,True,True
baran,hospital,inner,70,hospital_ni_inner70,0.35847,marginal,marginal,1,0.1,4626,6811,0.6792,0.2875,0.0,0.0,0.0,1,0,0.0,0.0,0.0,True,0.0,True,True
baran,hospital,inner,70,hospital_ni_inner70,0.35847,marginal,marginal,1,0.2,4626,6811,0.6792,0.2875,0.0,0.0,0.0,1,0,0.0,0.0,0.0,True,0.0,True,True
baran,hospital,inner,70,hospital_ni_inner70,0.35847,marginal,marginal,2,0.05,4565,6811,0.6702,0.287,0.0,0.0,0.0,1,0,0.0,0.0,0.0,True,0.0,True,True
baran,hospital,inner,70,hospital_ni_inner70,0.35847,marginal,marginal,2,0.1,4565,6811,0.6702,0.287,0.0,0.0,0.0,1,0,0.0,0.0,0.0,True,0.0,True,True
baran,hospital,inner,70,hospital_ni_inner70,0.35847,marginal,marginal,2,0.2,4565,6811,0.6702,0.287,0.0,0.0,0.0,1,0,0.0,0.0,0.0,True,0.0,True,True
baran,hospital,inner,70,hospital_ni_inner70,0.35847,marginal,marginal,3,0.05,4633,6811,0.6802,0.2966,0.0,0.0,0.0,1,0,0.0,0.0,0.0,True,0.0,True,True
baran,hospital,inner,70,hospital_ni_inner70,0.35847,marginal,marginal,3,0.1,4633,6811,0.6802,0.2966,0.0,0.0,0.0,1,0,0.0,0.0,0.0,True,0.0,True,True
baran,hospital,inner,70,hospital_ni_inner70,0.35847,marginal,marginal,3,0.2,4633,6811,0.6802,0.2966,0.0,0.0,0.0,1,0,0.0,0.0,0.0,True,0.0,True,True
baran,hospital,inner,70,hospital_ni_inner70,0.35847,mondrian,column,1,0.05,4626,6811,0.6792,0.2875,0.0,0.0,0.0,16,0,0.0,0.0,0.0,True,0.0,True,True
baran,hospital,inner,70,hospital_ni_inner70,0.35847,mondrian,column,1,0.1,4626,6811,0.6792,0.2875,0.0,0.0,0.0,16,0,0.0,0.0,0.0,True,0.0,True,True
baran,hospital,inner,70,hospital_ni_inner70,0.35847,mondrian,column,1,0.2,4626,6811,0.6792,0.2875,0.0,0.0,0.0,16,0,0.0,0.0,0.0,True,0.0,True,True
baran,hospital,inner,70,hospital_ni_inner70,0.35847,mondrian,column,2,0.05,4565,6811,0.6702,0.287,0.0318,0.0318,0.0,16,0,0.0,0.0,0.0,True,0.0,True,True
baran,hospital,inner,70,hospital_ni_inner70,0.35847,mondrian,column,2,0.1,4565,6811,0.6702,0.287,0.0318,0.0318,0.0,16,0,0.0,0.0,0.0,True,0.0,True,True
baran,hospital,inner,70,hospital_ni_inner70,0.35847,mondrian,column,2,0.2,4565,6811,0.6702,0.287,0.0318,0.0359,0.0272,16,1,0.0273,0.0183,0.0,True,0.0001,False,False
baran,hospital,inner,70,hospital_ni_inner70,0.35847,mondrian,column,3,0.05,4633,6811,0.6802,0.2966,0.0268,0.0268,0.0,16,0,0.0,0.0,0.0,True,0.0,True,True
baran,hospital,inner,70,hospital_ni_inner70,0.35847,mondrian,column,3,0.1,4633,6811,0.6802,0.2966,0.0268,0.0268,0.0,16,0,0.0,0.0,0.0,True,0.0,True,True
baran,hospital,inner,70,hospital_ni_inner70,0.35847,mondrian,column,3,0.2,4633,6811,0.6802,0.2966,0.0268,0.0356,0.0268,16,1,0.0269,0.0183,0.0,True,0.0001,False,False
baran,rayyan,inner,10,rayyan_ni_inner10,0.09082,marginal,marginal,0,0.05,561,999,0.5616,0.1907,0.0,0.0,0.0,1,0,0.0,0.0,0.0,True,0.0,True,True
baran,rayyan,inner,10,rayyan_ni_inner10,0.09082,marginal,marginal,0,0.1,561,999,0.5616,0.1907,0.0,0.0,0.0,1,0,0.0,0.0,0.0,True,0.0,True,True
baran,rayyan,inner,10,rayyan_ni_inner10,0.09082,marginal,marginal,0,0.2,561,999,0.5616,0.1907,0.0,0.0,0.0,1,0,0.0,0.0,0.0,True,0.0,True,True
baran,rayyan,inner,10,rayyan_ni_inner10,0.09082,marginal,marginal,1,0.05,516,999,0.5165,0.2074,0.0,0.0,0.0,1,0,0.0,0.0,0.0,True,0.0,True,True
baran,rayyan,inner,10,rayyan_ni_inner10,0.09082,marginal,marginal,1,0.1,516,999,0.5165,0.2074,0.0,0.0,0.0,1,0,0.0,0.0,0.0,True,0.0,True,True
baran,rayyan,inner,10,rayyan_ni_inner10,0.09082,marginal,marginal,1,0.2,516,999,0.5165,0.2074,0.0,0.0,0.0,1,0,0.0,0.0,0.0,True,0.0,True,True
baran,rayyan,inner,10,rayyan_ni_inner10,0.09082,marginal,marginal,2,0.05,485,999,0.4855,0.1773,0.0,0.0,0.0,1,0,0.0,0.0,0.0,True,0.0,True,True
baran,rayyan,inner,10,rayyan_ni_inner10,0.09082,marginal,marginal,2,0.1,485,999,0.4855,0.1773,0.0,0.0,0.0,1,0,0.0,0.0,0.0,True,0.0,True,True
baran,rayyan,inner,10,rayyan_ni_inner10,0.09082,marginal,marginal,2,0.2,485,999,0.4855,0.1773,0.0,0.0,0.0,1,0,0.0,0.0,0.0,True,0.0,True,True
baran,rayyan,inner,10,rayyan_ni_inner10,0.09082,marginal,marginal,3,0.05,475,999,0.4755,0.2274,0.0,0.0,0.0,1,0,0.0,0.0,0.0,True,0.0,True,True
baran,rayyan,inner,10,rayyan_ni_inner10,0.09082,marginal,marginal,3,0.1,475,999,0.4755,0.2274,0.0,0.0,0.0,1,0,0.0,0.0,0.0,True,0.0,True,True
baran,rayyan,inner,10,rayyan_ni_inner10,0.09082,marginal,marginal,3,0.2,475,999,0.4755,0.2274,0.0,0.0,0.0,1,0,0.0,0.0,0.0,True,0.0,True,True
baran,rayyan,inner,10,rayyan_ni_inner10,0.09082,mondrian,column,0,0.05,561,999,0.5616,0.1907,0.0,0.0,0.0,11,0,0.0,0.0,0.0,True,0.0,True,True
baran,rayyan,inner,10,rayyan_ni_inner10,0.09082,mondrian,column,0,0.1,561,999,0.5616,0.1907,0.0,0.0,0.0,11,0,0.0,0.0,0.0,True,0.0,True,True
baran,rayyan,inner,10,rayyan_ni_inner10,0.09082,mondrian,column,0,0.2,561,999,0.5616,0.1907,0.0,0.0,0.0,11,0,0.0,0.0,0.0,True,0.0,True,True
baran,rayyan,inner,10,rayyan_ni_inner10,0.09082,mondrian,column,1,0.05,516,999,0.5165,0.2074,0.0,0.0,0.0,11,0,0.0,0.0,0.0,True,0.0,True,True
baran,rayyan,inner,10,rayyan_ni_inner10,0.09082,mondrian,column,1,0.1,516,999,0.5165,0.2074,0.0,0.0,0.0,11,0,0.0,0.0,0.0,True,0.0,True,True
baran,rayyan,inner,10,rayyan_ni_inner10,0.09082,mondrian,column,1,0.2,516,999,0.5165,0.2074,0.0,0.0,0.0,11,0,0.0,0.0,0.0,True,0.0,True,True
baran,rayyan,inner,10,rayyan_ni_inner10,0.09082,mondrian,column,2,0.05,485,999,0.4855,0.1773,0.0,0.0,0.0,11,0,0.0,0.0,0.0,True,0.0,True,True
baran,rayyan,inner,10,rayyan_ni_inner10,0.09082,mondrian,column,2,0.1,485,999,0.4855,0.1773,0.0,0.0,0.0,11,0,0.0,0.0,0.0,True,0.0,True,True
baran,rayyan,inner,10,rayyan_ni_inner10,0.09082,mondrian,column,2,0.2,485,999,0.4855,0.1773,0.0,0.0,0.0,11,0,0.0,0.0,0.0,True,0.0,True,True
baran,rayyan,inner,10,rayyan_ni_inner10,0.09082,mondrian,column,3,0.05,475,999,0.4755,0.2274,0.0,0.0,0.0,11,0,0.0,0.0,0.0,True,0.0,True,True
baran,rayyan,inner,10,rayyan_ni_inner10,0.09082,mondrian,column,3,0.1,475,999,0.4755,0.2274,0.0,0.0,0.0,11,0,0.0,0.0,0.0,True,0.0,True,True
baran,rayyan,inner,10,rayyan_ni_inner10,0.09082,mondrian,column,3,0.2,475,999,0.4755,0.2274,0.0,0.0,0.0,11,0,0.0,0.0,0.0,True,0.0,True,True
baran,rayyan,inner,30,rayyan_ni_inner30,0.24036,marginal,marginal,0,0.05,1137,2644,0.43,0.1944,0.0,0.0,0.0,1,0,0.0,0.0,0.0,True,0.0,True,True
baran,rayyan,inner,30,rayyan_ni_inner30,0.24036,marginal,marginal,0,0.1,1137,2644,0.43,0.1944,0.0,0.0,0.0,1,0,0.0,0.0,0.0,True,0.0,True,True
baran,rayyan,inner,30,rayyan_ni_inner30,0.24036,marginal,marginal,0,0.2,1137,2644,0.43,0.1944,0.0,0.0,0.0,1,0,0.0,0.0,0.0,True,0.0,True,True
baran,rayyan,inner,30,rayyan_ni_inner30,0.24036,marginal,marginal,1,0.05,1168,2644,0.4418,0.1747,0.0,0.0,0.0,1,0,0.0,0.0,0.0,True,0.0,True,True
baran,rayyan,inner,30,rayyan_ni_inner30,0.24036,marginal,marginal,1,0.1,1168,2644,0.4418,0.1747,0.0,0.0,0.0,1,0,0.0,0.0,0.0,True,0.0,True,True
baran,rayyan,inner,30,rayyan_ni_inner30,0.24036,marginal,marginal,1,0.2,1168,2644,0.4418,0.1747,0.0,0.0,0.0,1,0,0.0,0.0,0.0,True,0.0,True,True
baran,rayyan,inner,30,rayyan_ni_inner30,0.24036,marginal,marginal,2,0.05,877,2644,0.3317,0.244,0.0,0.0,0.0,1,0,0.0,0.0,0.0,True,0.0,True,True
baran,rayyan,inner,30,rayyan_ni_inner30,0.24036,marginal,marginal,2,0.1,877,2644,0.3317,0.244,0.0,0.0,0.0,1,0,0.0,0.0,0.0,True,0.0,True,True
baran,rayyan,inner,30,rayyan_ni_inner30,0.24036,marginal,marginal,2,0.2,877,2644,0.3317,0.244,0.0,0.0,0.0,1,0,0.0,0.0,0.0,True,0.0,True,True
baran,rayyan,inner,30,rayyan_ni_inner30,0.24036,marginal,marginal,3,0.05,1204,2644,0.4554,0.2018,0.0,0.0,0.0,1,0,0.0,0.0,0.0,True,0.0,True,True
baran,rayyan,inner,30,rayyan_ni_inner30,0.24036,marginal,marginal,3,0.1,1204,2644,0.4554,0.2018,0.0,0.0,0.0,1,0,0.0,0.0,0.0,True,0.0,True,True
baran,rayyan,inner,30,rayyan_ni_inner30,0.24036,marginal,marginal,3,0.2,1204,2644,0.4554,0.2018,0.0,0.0,0.0,1,0,0.0,0.0,0.0,True,0.0,True,True
baran,rayyan,inner,30,rayyan_ni_inner30,0.24036,mondrian,column,0,0.05,1137,2644,0.43,0.1944,0.0,0.0,0.0,11,0,0.0,0.0,0.0,True,0.0,True,True
baran,rayyan,inner,30,rayyan_ni_inner30,0.24036,mondrian,column,0,0.1,1137,2644,0.43,0.1944,0.0,0.0,0.0,11,0,0.0,0.0,0.0,True,0.0,True,True
baran,rayyan,inner,30,rayyan_ni_inner30,0.24036,mondrian,column,0,0.2,1137,2644,0.43,0.1944,0.0,0.0,0.0,11,0,0.0,0.0,0.0,True,0.0,True,True
baran,rayyan,inner,30,rayyan_ni_inner30,0.24036,mondrian,column,1,0.05,1168,2644,0.4418,0.1747,0.0,0.0,0.0,11,0,0.0,0.0,0.0,True,0.0,True,True
baran,rayyan,inner,30,rayyan_ni_inner30,0.24036,mondrian,column,1,0.1,1168,2644,0.4418,0.1747,0.0,0.0,0.0,11,0,0.0,0.0,0.0,True,0.0,True,True
baran,rayyan,inner,30,rayyan_ni_inner30,0.24036,mondrian,column,1,0.2,1168,2644,0.4418,0.1747,0.0,0.0,0.0,11,0,0.0,0.0,0.0,True,0.0,True,True
baran,rayyan,inner,30,rayyan_ni_inner30,0.24036,mondrian,column,2,0.05,877,2644,0.3317,0.244,0.0,0.0,0.0,11,0,0.0,0.0,0.0,True,0.0,True,True
baran,rayyan,inner,30,rayyan_ni_inner30,0.24036,mondrian,column,2,0.1,877,2644,0.3317,0.244,0.0,0.0,0.0,11,0,0.0,0.0,0.0,True,0.0,True,True
baran,rayyan,inner,30,rayyan_ni_inner30,0.24036,mondrian,column,2,0.2,877,2644,0.3317,0.244,0.0,0.0,0.0,11,0,0.0,0.0,0.0,True,0.0,True,True
baran,rayyan,inner,30,rayyan_ni_inner30,0.24036,mondrian,column,3,0.05,1204,2644,0.4554,0.2018,0.0,0.0,0.0,11,0,0.0,0.0,0.0,True,0.0,True,True
baran,rayyan,inner,30,rayyan_ni_inner30,0.24036,mondrian,column,3,0.1,1204,2644,0.4554,0.2018,0.0,0.0,0.0,11,0,0.0,0.0,0.0,True,0.0,True,True
baran,rayyan,inner,30,rayyan_ni_inner30,0.24036,mondrian,column,3,0.2,1204,2644,0.4554,0.2018,0.0,0.0,0.0,11,0,0.0,0.0,0.0,True,0.0,True,True
baran,rayyan,inner,50,rayyan_ni_inner50,0.36036,marginal,marginal,0,0.05,1452,3964,0.3663,0.1343,0.0,0.0,0.0,1,0,0.0,0.0,0.0,True,0.0,True,True
baran,rayyan,inner,50,rayyan_ni_inner50,0.36036,marginal,marginal,0,0.1,1452,3964,0.3663,0.1343,0.0,0.0,0.0,1,0,0.0,0.0,0.0,True,0.0,True,True
baran,rayyan,inner,50,rayyan_ni_inner50,0.36036,marginal,marginal,0,0.2,1452,3964,0.3663,0.1343,0.0,0.0,0.0,1,0,0.0,0.0,0.0,True,0.0,True,True
baran,rayyan,inner,50,rayyan_ni_inner50,0.36036,marginal,marginal,1,0.05,1120,3964,0.2825,0.1661,0.0,0.0,0.0,1,0,0.0,0.0,0.0,True,0.0,True,True
baran,rayyan,inner,50,rayyan_ni_inner50,0.36036,marginal,marginal,1,0.1,1120,3964,0.2825,0.1661,0.0,0.0,0.0,1,0,0.0,0.0,0.0,True,0.0,True,True
baran,rayyan,inner,50,rayyan_ni_inner50,0.36036,marginal,marginal,1,0.2,1120,3964,0.2825,0.1661,0.0,0.0,0.0,1,0,0.0,0.0,0.0,True,0.0,True,True
baran,rayyan,inner,50,rayyan_ni_inner50,0.36036,marginal,marginal,2,0.05,993,3964,0.2505,0.2064,0.0,0.0,0.0,1,0,0.0,0.0,0.0,True,0.0,True,True
baran,rayyan,inner,50,rayyan_ni_inner50,0.36036,marginal,marginal,2,0.1,993,3964,0.2505,0.2064,0.0,0.0,0.0,1,0,0.0,0.0,0.0,True,0.0,True,True
baran,rayyan,inner,50,rayyan_ni_inner50,0.36036,marginal,marginal,2,0.2,993,3964,0.2505,0.2064,0.0,0.0,0.0,1,0,0.0,0.0,0.0,True,0.0,True,True
baran,rayyan,inner,50,rayyan_ni_inner50,0.36036,marginal,marginal,3,0.05,933,3964,0.2354,0.194,0.0,0.0,0.0,1,0,0.0,0.0,0.0,True,0.0,True,True
baran,rayyan,inner,50,rayyan_ni_inner50,0.36036,marginal,marginal,3,0.1,933,3964,0.2354,0.194,0.0,0.0,0.0,1,0,0.0,0.0,0.0,True,0.0,True,True
baran,rayyan,inner,50,rayyan_ni_inner50,0.36036,marginal,marginal,3,0.2,933,3964,0.2354,0.194,0.0,0.0,0.0,1,0,0.0,0.0,0.0,True,0.0,True,True
baran,rayyan,inner,50,rayyan_ni_inner50,0.36036,mondrian,column,0,0.05,1452,3964,0.3663,0.1343,0.0138,0.0138,0.0,11,0,0.0,0.0,0.0,True,0.0,True,True
baran,rayyan,inner,50,rayyan_ni_inner50,0.36036,mondrian,column,0,0.1,1452,3964,0.3663,0.1343,0.0138,0.0262,0.0,11,0,0.0,0.0,0.0,True,0.0,True,True
baran,rayyan,inner,50,rayyan_ni_inner50,0.36036,mondrian,column,0,0.2,1452,3964,0.3663,0.1343,0.0138,0.0523,0.0,11,0,0.0,0.0,0.0,True,0.0,True,True
baran,rayyan,inner,50,rayyan_ni_inner50,0.36036,mondrian,column,1,0.05,1120,3964,0.2825,0.1661,0.0,0.0,0.0,11,0,0.0,0.0,0.0,True,0.0,True,True
baran,rayyan,inner,50,rayyan_ni_inner50,0.36036,mondrian,column,1,0.1,1120,3964,0.2825,0.1661,0.0,0.0152,0.0,11,0,0.0,0.0,0.0,True,0.0,True,True
baran,rayyan,inner,50,rayyan_ni_inner50,0.36036,mondrian,column,1,0.2,1120,3964,0.2825,0.1661,0.0,0.0339,0.0,11,0,0.0,0.0,0.0,True,0.0,True,True
baran,rayyan,inner,50,rayyan_ni_inner50,0.36036,mondrian,column,2,0.05,993,3964,0.2505,0.2064,0.0393,0.0393,0.0,11,0,0.0,0.0,0.0,True,0.0,True,True
baran,rayyan,inner,50,rayyan_ni_inner50,0.36036,mondrian,column,2,0.1,993,3964,0.2505,0.2064,0.0393,0.0574,0.0,11,0,0.0,0.0,0.0,True,0.0,True,True
baran,rayyan,inner,50,rayyan_ni_inner50,0.36036,mondrian,column,2,0.2,993,3964,0.2505,0.2064,0.0393,0.0574,0.0,11,0,0.0,0.0,0.0,True,0.0,True,True
baran,rayyan,inner,50,rayyan_ni_inner50,0.36036,mondrian,column,3,0.05,933,3964,0.2354,0.194,0.0193,0.0193,0.0,11,0,0.0,0.0,0.0,True,0.0,True,True
baran,rayyan,inner,50,rayyan_ni_inner50,0.36036,mondrian,column,3,0.1,933,3964,0.2354,0.194,0.0193,0.0193,0.0,11,0,0.0,0.0,0.0,True,0.0,True,True
baran,rayyan,inner,50,rayyan_ni_inner50,0.36036,mondrian,column,3,0.2,933,3964,0.2354,0.194,0.0193,0.0193,0.0,11,0,0.0,0.0,0.0,True,0.0,True,True
baran,rayyan,inner,70,rayyan_ni_inner70,0.45773,marginal,marginal,0,0.05,913,5035,0.1813,0.3998,0.0,0.0,0.0,1,0,0.0,0.0,0.0,True,0.0,True,True
baran,rayyan,inner,70,rayyan_ni_inner70,0.45773,marginal,marginal,0,0.1,913,5035,0.1813,0.3998,0.0,0.0,0.0,1,0,0.0,0.0,0.0,True,0.0,True,True
baran,rayyan,inner,70,rayyan_ni_inner70,0.45773,marginal,marginal,0,0.2,913,5035,0.1813,0.3998,0.0,0.0,0.0,1,0,0.0,0.0,0.0,True,0.0,True,True
baran,rayyan,inner,70,rayyan_ni_inner70,0.45773,marginal,marginal,1,0.05,1545,5035,0.3069,0.2472,0.0,0.0,0.0,1,0,0.0,0.0,0.0,True,0.0,True,True
baran,rayyan,inner,70,rayyan_ni_inner70,0.45773,marginal,marginal,1,0.1,1545,5035,0.3069,0.2472,0.0,0.0,0.0,1,0,0.0,0.0,0.0,True,0.0,True,True
baran,rayyan,inner,70,rayyan_ni_inner70,0.45773,marginal,marginal,1,0.2,1545,5035,0.3069,0.2472,0.0,0.0,0.0,1,0,0.0,0.0,0.0,True,0.0,True,True
baran,rayyan,inner,70,rayyan_ni_inner70,0.45773,marginal,marginal,2,0.05,2326,5035,0.462,0.1612,0.0,0.0,0.0,1,0,0.0,0.0,0.0,True,0.0,True,True
baran,rayyan,inner,70,rayyan_ni_inner70,0.45773,marginal,marginal,2,0.1,2326,5035,0.462,0.1612,0.0,0.0,0.0,1,0,0.0,0.0,0.0,True,0.0,True,True
baran,rayyan,inner,70,rayyan_ni_inner70,0.45773,marginal,marginal,2,0.2,2326,5035,0.462,0.1612,0.0,0.0,0.0,1,0,0.0,0.0,0.0,True,0.0,True,True
baran,rayyan,inner,70,rayyan_ni_inner70,0.45773,marginal,marginal,3,0.05,1694,5035,0.3364,0.219,0.0,0.0,0.0,1,0,0.0,0.0,0.0,True,0.0,True,True
baran,rayyan,inner,70,rayyan_ni_inner70,0.45773,marginal,marginal,3,0.1,1694,5035,0.3364,0.219,0.0,0.0,0.0,1,0,0.0,0.0,0.0,True,0.0,True,True
baran,rayyan,inner,70,rayyan_ni_inner70,0.45773,marginal,marginal,3,0.2,1694,5035,0.3364,0.219,0.0,0.0,0.0,1,0,0.0,0.0,0.0,True,0.0,True,True
baran,rayyan,inner,70,rayyan_ni_inner70,0.45773,mondrian,column,0,0.05,913,5035,0.1813,0.3998,0.0427,0.0646,0.0,11,0,0.0,0.0,0.0,True,0.0,True,True
baran,rayyan,inner,70,rayyan_ni_inner70,0.45773,mondrian,column,0,0.1,913,5035,0.1813,0.3998,0.0427,0.0646,0.0,11,0,0.0,0.0,0.0,True,0.0,True,True
baran,rayyan,inner,70,rayyan_ni_inner70,0.45773,mondrian,column,0,0.2,913,5035,0.1813,0.3998,0.0427,0.0876,0.0,11,0,0.0,0.0,0.0,True,0.0,True,True
baran,rayyan,inner,70,rayyan_ni_inner70,0.45773,mondrian,column,1,0.05,1545,5035,0.3069,0.2472,0.0,0.0,0.0,11,0,0.0,0.0,0.0,True,0.0,True,True
baran,rayyan,inner,70,rayyan_ni_inner70,0.45773,mondrian,column,1,0.1,1545,5035,0.3069,0.2472,0.0,0.0,0.0,11,0,0.0,0.0,0.0,True,0.0,True,True
baran,rayyan,inner,70,rayyan_ni_inner70,0.45773,mondrian,column,1,0.2,1545,5035,0.3069,0.2472,0.0,0.0,0.0,11,0,0.0,0.0,0.0,True,0.0,True,True
baran,rayyan,inner,70,rayyan_ni_inner70,0.45773,mondrian,column,2,0.05,2326,5035,0.462,0.1612,0.0172,0.0172,0.0,11,0,0.0,0.0,0.0,True,0.0,True,True
baran,rayyan,inner,70,rayyan_ni_inner70,0.45773,mondrian,column,2,0.1,2326,5035,0.462,0.1612,0.0172,0.0172,0.0,11,0,0.0,0.0,0.0,True,0.0,True,True
baran,rayyan,inner,70,rayyan_ni_inner70,0.45773,mondrian,column,2,0.2,2326,5035,0.462,0.1612,0.0172,0.0172,0.0,11,0,0.0,0.0,0.0,True,0.0,True,True
baran,rayyan,inner,70,rayyan_ni_inner70,0.45773,mondrian,column,3,0.05,1694,5035,0.3364,0.219,0.0118,0.0236,0.0,11,0,0.0,0.0,0.0,True,0.0,True,True
baran,rayyan,inner,70,rayyan_ni_inner70,0.45773,mondrian,column,3,0.1,1694,5035,0.3364,0.219,0.0118,0.0236,0.0,11,0,0.0,0.0,0.0,True,0.0,True,True
baran,rayyan,inner,70,rayyan_ni_inner70,0.45773,mondrian,column,3,0.2,1694,5035,0.3364,0.219,0.0118,0.0236,0.0,11,0,0.0,0.0,0.0,True,0.0,True,True
