proposer,base,kind,level,dataset,cell_error_rate,partition,stratifier,alpha,draws,n,coverage,acc,pi0,pi_alpha,pi_alpha_floor,A,A_min,A_max,A_queue,R,covered,R_max,gap,empty,predicted_empty
baran,beers,inner,10,beers_ni_inner10,0.08776,marginal,marginal,0.05,4,1353.0,0.6398,0.4245,0.0,0.0,0.0,0.0,0.0,0.0,0.0,0.0,True,0.0,0.0,True,True
baran,beers,inner,10,beers_ni_inner10,0.08776,marginal,marginal,0.1,4,1353.0,0.6398,0.4245,0.0,0.0,0.0,0.0,0.0,0.0,0.0,0.0,True,0.0,0.0,True,True
baran,beers,inner,10,beers_ni_inner10,0.08776,marginal,marginal,0.2,4,1353.0,0.6398,0.4245,0.0,0.0,0.0,0.0,0.0,0.0,0.0,0.0,True,0.0,0.0,True,True
baran,beers,inner,10,beers_ni_inner10,0.08776,mondrian,column,0.05,4,1353.0,0.6398,0.4245,0.0,0.0,0.0,0.0,0.0,0.0,0.0,0.0,True,0.0,0.0,True,True
baran,beers,inner,10,beers_ni_inner10,0.08776,mondrian,column,0.1,4,1353.0,0.6398,0.4245,0.0,0.0,0.0,0.0,0.0,0.0,0.0,0.0,True,0.0,0.0,True,True
baran,beers,inner,10,beers_ni_inner10,0.08776,mondrian,column,0.2,4,1353.0,0.6398,0.4245,0.0,0.0838,0.0838,0.0,0.0,0.0139,0.0,0.0,True,0.0177,-0.0838,False,False
baran,beers,inner,30,beers_ni_inner30,0.23909,marginal,marginal,0.05,4,1827.0,0.3171,0.2087,0.0,0.0,0.0,0.0,0.0,0.0,0.0,0.0,True,0.0,0.0,True,True
baran,beers,inner,30,beers_ni_inner30,0.23909,marginal,marginal,0.1,4,1827.0,0.3171,0.2087,0.0,0.0,0.0,0.0,0.0,0.0,0.0,0.0,True,0.0,0.0,True,True
baran,beers,inner,30,beers_ni_inner30,0.23909,marginal,marginal,0.2,4,1827.0,0.3171,0.2087,0.0,0.0,0.0,0.0,0.0,0.0,0.0,0.0,True,0.0,0.0,True,True
baran,beers,inner,30,beers_ni_inner30,0.23909,mondrian,column,0.05,4,1827.0,0.3171,0.2087,0.0,0.076,0.076,0.0,0.0,0.0,0.0,0.0,True,0.0,-0.076,True,False
baran,beers,inner,30,beers_ni_inner30,0.23909,mondrian,column,0.1,4,1827.0,0.3171,0.2087,0.0,0.076,0.076,0.0532,0.0,0.1548,0.019,0.0112,True,0.0223,-0.0228,False,False
baran,beers,inner,30,beers_ni_inner30,0.23909,mondrian,column,0.2,4,1827.0,0.3171,0.2087,0.0,0.076,0.076,0.076,0.0,0.2212,0.0271,0.0143,True,0.0287,0.0,False,False
baran,beers,inner,50,beers_ni_inner50,0.36071,marginal,marginal,0.05,4,3042.0,0.3499,0.1877,0.0,0.0,0.0,0.0,0.0,0.0,0.0,0.0,True,0.0,0.0,True,True
baran,beers,inner,50,beers_ni_inner50,0.36071,marginal,marginal,0.1,4,3042.0,0.3499,0.1877,0.0,0.0,0.0,0.0,0.0,0.0,0.0,0.0,True,0.0,0.0,True,True
baran,beers,inner,50,beers_ni_inner50,0.36071,marginal,marginal,0.2,4,3042.0,0.3499,0.1877,0.0,0.0,0.0,0.0,0.0,0.0,0.0,0.0,True,0.0,0.0,True,True
baran,beers,inner,50,beers_ni_inner50,0.36071,mondrian,column,0.05,4,3042.0,0.3499,0.1877,0.0,0.0,0.0,0.0,0.0,0.0,0.0,0.0,True,0.0,0.0,True,True
baran,beers,inner,50,beers_ni_inner50,0.36071,mondrian,column,0.1,4,3042.0,0.3499,0.1877,0.0,0.0568,0.0568,0.0069,0.0,0.0227,0.0027,0.0029,True,0.0133,-0.0455,False,False
baran,beers,inner,50,beers_ni_inner50,0.36071,mondrian,column,0.2,4,3042.0,0.3499,0.1877,0.0,0.0568,0.0568,0.0568,0.0,0.1394,0.0267,0.0245,True,0.0491,0.0,False,False
baran,beers,inner,70,beers_ni_inner70,0.45888,marginal,marginal,0.05,4,4931.5,0.4459,0.1562,0.0,0.0,0.0,0.0,0.0,0.0,0.0,0.0,True,0.0,0.0,True,True
baran,beers,inner,70,beers_ni_inner70,0.45888,marginal,marginal,0.1,4,4931.5,0.4459,0.1562,0.0,0.0,0.0,0.0,0.0,0.0,0.0,0.0,True,0.0,0.0,True,True
baran,beers,inner,70,beers_ni_inner70,0.45888,marginal,marginal,0.2,4,4931.5,0.4459,0.1562,0.0,0.0,0.0,0.0,0.0,0.0,0.0,0.0,True,0.0,0.0,True,True
baran,beers,inner,70,beers_ni_inner70,0.45888,mondrian,column,0.05,4,4931.5,0.4459,0.1562,0.0,0.1122,0.1122,0.0,0.0,0.0,0.0,0.0,True,0.0,-0.1122,True,False
baran,beers,inner,70,beers_ni_inner70,0.45888,mondrian,column,0.1,4,4931.5,0.4459,0.1562,0.0,0.119,0.117,0.0783,0.0537,0.1071,0.0361,0.0334,True,0.0467,-0.034,False,False
baran,beers,inner,70,beers_ni_inner70,0.45888,mondrian,column,0.2,4,4931.5,0.4459,0.1562,0.0,0.119,0.117,0.1171,0.1094,0.1341,0.0522,0.0483,True,0.0507,0.0001,False,False
baran,flights,inner,10,flights_ni_inner10,0.09287,marginal,marginal,0.05,3,1074.0,0.8112,0.6397,0.0,0.0,0.0,0.0,0.0,0.0,0.0,0.0,True,0.0,0.0,True,True
baran,flights,inner,10,flights_ni_inner10,0.09287,marginal,marginal,0.1,3,1074.0,0.8112,0.6397,0.0,0.0,0.0,0.0,0.0,0.0,0.0,0.0,True,0.0,0.0,True,True
baran,flights,inner,10,flights_ni_inner10,0.09287,marginal,marginal,0.2,3,1074.0,0.8112,0.6397,0.0,0.0,0.0,0.0,0.0,0.0,0.0,0.0,True,0.0,0.0,True,True
baran,flights,inner,10,flights_ni_inner10,0.09287,mondrian,column,0.05,3,1074.0,0.8112,0.6397,0.0,0.0,0.0,0.0,0.0,0.0,0.0,0.0,True,0.0,0.0,True,True
baran,flights,inner,10,flights_ni_inner10,0.09287,mondrian,column,0.1,3,1074.0,0.8112,0.6397,0.0,0.1932,0.1932,0.0,0.0,0.0193,0.0,0.0,True,0.0151,-0.1739,False,False
baran,flights,inner,10,flights_ni_inner10,0.09287,mondrian,column,0.2,3,1074.0,0.8112,0.6397,0.0,0.446,0.446,0.0773,0.0,0.2967,0.0632,0.0476,True,0.0804,-0.315,False,False
baran,flights,inner,30,flights_ni_inner30,0.25386,marginal,marginal,0.05,3,916.0,0.2531,0.107,0.0,0.0,0.0,0.0,0.0,0.0,0.0,0.0,True,0.0,0.0,True,True
baran,flights,inner,30,flights_ni_inner30,0.25386,marginal,marginal,0.1,3,916.0,0.2531,0.107,0.0,0.0,0.0,0.0,0.0,0.0,0.0,0.0,True,0.0,0.0,True,True
baran,flights,inner,30,flights_ni_inner30,0.25386,marginal,marginal,0.2,3,916.0,0.2531,0.107,0.0,0.0,0.0,0.0,0.0,0.0,0.0,0.0,True,0.0,0.0,True,True
baran,flights,inner,30,flights_ni_inner30,0.25386,mondrian,column,0.05,3,916.0,0.2531,0.107,0.0,0.0,0.0,0.0,0.0,0.0,0.0,0.0,True,0.0,0.0,True,True
baran,flights,inner,30,flights_ni_inner30,0.25386,mondrian,column,0.1,3,916.0,0.2531,0.107,0.0,0.0,0.0,0.0,0.0,0.0,0.0,0.0,True,0.0,0.0,True,True
baran,flights,inner,30,flights_ni_inner30,0.25386,mondrian,column,0.2,3,916.0,0.2531,0.107,0.0,0.0,0.0,0.0,0.0,0.0,0.0,0.0,True,0.0,0.0,True,True
baran,flights,inner,50,flights_ni_inner50,0.38622,marginal,marginal,0.05,3,2470.0,0.4486,0.0549,0.0,0.0,0.0,0.0,0.0,0.0,0.0,0.0,True,0.0,0.0,True,True
baran,flights,inner,50,flights_ni_inner50,0.38622,marginal,marginal,0.1,3,2470.0,0.4486,0.0549,0.0,0.0,0.0,0.0,0.0,0.0,0.0,0.0,True,0.0,0.0,True,True
baran,flights,inner,50,flights_ni_inner50,0.38622,marginal,marginal,0.2,3,2470.0,0.4486,0.0549,0.0,0.0,0.0,0.0,0.0,0.0,0.0,0.0,True,0.0,0.0,True,True
baran,flights,inner,50,flights_ni_inner50,0.38622,mondrian,column,0.05,3,2470.0,0.4486,0.0549,0.0,0.0,0.0,0.0,0.0,0.0,0.0,0.0,True,0.0,0.0,True,True
baran,flights,inner,50,flights_ni_inner50,0.38622,mondrian,column,0.1,3,2470.0,0.4486,0.0549,0.0,0.0,0.0,0.0,0.0,0.0,0.0,0.0,True,0.0,0.0,True,True
baran,flights,inner,50,flights_ni_inner50,0.38622,mondrian,column,0.2,3,2470.0,0.4486,0.0549,0.0,0.0,0.0,0.0,0.0,0.0,0.0,0.0,True,0.0,0.0,True,True
baran,flights,inner,70,flights_ni_inner70,0.49439,marginal,marginal,0.05,3,2499.0,0.3546,0.0591,0.0,0.0,0.0,0.0,0.0,0.0,0.0,0.0,True,0.0,0.0,True,True
baran,flights,inner,70,flights_ni_inner70,0.49439,marginal,marginal,0.1,3,2499.0,0.3546,0.0591,0.0,0.0,0.0,0.0,0.0,0.0,0.0,0.0,True,0.0,0.0,True,True
baran,flights,inner,70,flights_ni_inner70,0.49439,marginal,marginal,0.2,3,2499.0,0.3546,0.0591,0.0,0.0,0.0,0.0,0.0,0.0,0.0,0.0,True,0.0,0.0,True,True
baran,flights,inner,70,flights_ni_inner70,0.49439,mondrian,column,0.05,3,2499.0,0.3546,0.0591,0.0,0.0,0.0,0.0,0.0,0.0,0.0,0.0,True,0.0,0.0,True,True
baran,flights,inner,70,flights_ni_inner70,0.49439,mondrian,column,0.1,3,2499.0,0.3546,0.0591,0.0,0.0,0.0,0.0,0.0,0.0,0.0,0.0,True,0.0,0.0,True,True
baran,flights,inner,70,flights_ni_inner70,0.49439,mondrian,column,0.2,3,2499.0,0.3546,0.0591,0.0,0.0,0.0,0.0,0.0,0.0,0.0,0.0,True,0.0,0.0,True,True
baran,hospital,inner,10,hospital_ni_inner10,0.06637,marginal,marginal,0.05,3,1219.0,0.9667,0.7712,0.0,0.0,0.0,0.0,0.0,0.0,0.0,0.0,True,0.0,0.0,True,True
baran,hospital,inner,10,hospital_ni_inner10,0.06637,marginal,marginal,0.1,3,1219.0,0.9667,0.7712,0.0,0.0,0.0,0.0,0.0,0.0,0.0,0.0,True,0.0,0.0,True,True
baran,hospital,inner,10,hospital_ni_inner10,0.06637,marginal,marginal,0.2,3,1219.0,0.9667,0.7712,0.0,0.0,0.0,0.0,0.0,0.1,0.0,0.0,True,0.0185,0.0,False,False
baran,hospital,inner,10,hospital_ni_inner10,0.06637,mondrian,column,0.05,3,1219.0,0.9667,0.7712,0.0,0.1245,0.0,0.0,0.0,0.0,0.0,0.0,True,0.0,0.0,True,True
baran,hospital,inner,10,hospital_ni_inner10,0.06637,mondrian,column,0.1,3,1219.0,0.9667,0.7712,0.0,0.3486,0.0,0.0,0.0,0.0,0.0,0.0,True,0.0,0.0,True,True
baran,hospital,inner,10,hospital_ni_inner10,0.06637,mondrian,column,0.2,3,1219.0,0.9667,0.7712,0.0,0.6419,0.6419,0.0653,0.0625,0.0853,0.0613,0.0657,True,0.0729,-0.5794,False,False
baran,hospital,inner,30,hospital_ni_inner30,0.18526,marginal,marginal,0.05,3,3088.0,0.8773,0.4882,0.0,0.0,0.0,0.0,0.0,0.0,0.0,0.0,True,0.0,0.0,True,True
baran,hospital,inner,30,hospital_ni_inner30,0.18526,marginal,marginal,0.1,3,3088.0,0.8773,0.4882,0.0,0.0,0.0,0.0,0.0,0.0,0.0,0.0,True,0.0,0.0,True,True
baran,hospital,inner,30,hospital_ni_inner30,0.18526,marginal,marginal,0.2,3,3088.0,0.8773,0.4882,0.0,0.0,0.0,0.0,0.0,0.0,0.0,0.0,True,0.0,0.0,True,True
baran,hospital,inner,30,hospital_ni_inner30,0.18526,mondrian,column,0.05,3,3088.0,0.8773,0.4882,0.0,0.0,0.0,0.0,0.0,0.0,0.0,0.0,True,0.0,0.0,True,True
baran,hospital,inner,30,hospital_ni_inner30,0.18526,mondrian,column,0.1,3,3088.0,0.8773,0.4882,0.0,0.0,0.0,0.0,0.0,0.0,0.0,0.0,True,0.0,0.0,True,True
baran,hospital,inner,30,hospital_ni_inner30,0.18526,mondrian,column,0.2,3,3088.0,0.8773,0.4882,0.0,0.0858,0.0839,0.0,0.0,0.0023,0.0,0.0,True,0.0119,-0.0816,False,False
baran,hospital,inner,50,hospital_ni_inner50,0.27879,marginal,marginal,0.05,3,4564.0,0.8616,0.4261,0.0,0.0,0.0,0.0,0.0,0.0,0.0,0.0,True,0.0,0.0,True,True
baran,hospital,inner,50,hospital_ni_inner50,0.27879,marginal,marginal,0.1,3,4564.0,0.8616,0.4261,0.0,0.0,0.0,0.0,0.0,0.0,0.0,0.0,True,0.0,0.0,True,True
baran,hospital,inner,50,hospital_ni_inner50,0.27879,marginal,marginal,0.2,3,4564.0,0.8616,0.4261,0.0,0.0,0.0,0.0,0.0,0.0,0.0,0.0,True,0.0,0.0,True,True
baran,hospital,inner,50,hospital_ni_inner50,0.27879,mondrian,column,0.05,3,4564.0,0.8616,0.4261,0.0,0.0,0.0,0.0,0.0,0.0,0.0,0.0,True,0.0,0.0,True,True
baran,hospital,inner,50,hospital_ni_inner50,0.27879,mondrian,column,0.1,3,4564.0,0.8616,0.4261,0.0,0.0,0.0,0.0,0.0,0.0,0.0,0.0,True,0.0,0.0,True,True
baran,hospital,inner,50,hospital_ni_inner50,0.27879,mondrian,column,0.2,3,4564.0,0.8616,0.4261,0.0,0.0228,0.0188,0.0,0.0,0.0181,0.0,0.0,True,0.0,-0.0188,False,False
baran,hospital,inner,70,hospital_ni_inner70,0.35847,marginal,marginal,0.05,3,4626.0,0.6792,0.2875,0.0,0.0,0.0,0.0,0.0,0.0,0.0,0.0,True,0.0,0.0,True,True
baran,hospital,inner,70,hospital_ni_inner70,0.35847,marginal,marginal,0.1,3,4626.0,0.6792,0.2875,0.0,0.0,0.0,0.0,0.0,0.0,0.0,0.0,True,0.0,0.0,True,True
baran,hospital,inner,70,hospital_ni_inner70,0.35847,marginal,marginal,0.2,3,4626.0,0.6792,0.2875,0.0,0.0,0.0,0.0,0.0,0.0,0.0,0.0,True,0.0,0.0,True,True
baran,hospital,inner,70,hospital_ni_inner70,0.35847,mondrian,column,0.05,3,4626.0,0.6792,0.2875,0.0268,0.0268,0.0,0.0,0.0,0.0,0.0,0.0,True,0.0,0.0,True,True
baran,hospital,inner,70,hospital_ni_inner70,0.35847,mondrian,column,0.1,3,4626.0,0.6792,0.2875,0.0268,0.0268,0.0,0.0,0.0,0.0,0.0,0.0,True,0.0,0.0,True,True
baran,hospital,inner,70,hospital_ni_inner70,0.35847,mondrian,column,0.2,3,4626.0,0.6792,0.2875,0.0268,0.0356,0.0268,0.0269,0.0,0.0273,0.0183,0.0,True,0.0,0.0001,False,False
baran,rayyan,inner,10,rayyan_ni_inner10,0.09082,marginal,marginal,0.05,4,500.5,0.501,0.1991,0.0,0.0,0.0,0.0,0.0,0.0,0.0,0.0,True,0.0,0.0,True,True
baran,rayyan,inner,10,rayyan_ni_inner10,0.09082,marginal,marginal,0.1,4,500.5,0.501,0.1991,0.0,0.0,0.0,0.0,0.0,0.0,0.0,0.0,True,0.0,0.0,True,True
baran,rayyan,inner,10,rayyan_ni_inner10,0.09082,marginal,marginal,0.2,4,500.5,0.501,0.1991,0.0,0.0,0.0,0.0,0.0,0.0,0.0,0.0,True,0.0,0.0,True,True
baran,rayyan,inner,10,rayyan_ni_inner10,0.09082,mondrian,column,0.05,4,500.5,0.501,0.1991,0.0,0.0,0.0,0.0,0.0,0.0,0.0,0.0,True,0.0,0.0,True,True
baran,rayyan,inner,10,rayyan_ni_inner10,0.09082,mondrian,column,0.1,4,500.5,0.501,0.1991,0.0,0.0,0.0,0.0,0.0,0.0,0.0,0.0,True,0.0,0.0,True,True
baran,rayyan,inner,10,rayyan_ni_inner10,0.09082,mondrian,column,0.2,4,500.5,0.501,0.1991,0.0,0.0,0.0,0.0,0.0,0.0,0.0,0.0,True,0.0,0.0,True,True
baran,rayyan,inner,30,rayyan_ni_inner30,0.24036,marginal,marginal,0.05,4,1152.5,0.4359,0.1981,0.0,0.0,0.0,0.0,0.0,0.0,0.0,0.0,True,0.0,0.0,True,True
baran,rayyan,inner,30,rayyan_ni_inner30,0.24036,marginal,marginal,0.1,4,1152.5,0.4359,0.1981,0.0,0.0,0.0,0.0,0.0,0.0,0.0,0.0,True,0.0,0.0,True,True
baran,rayyan,inner,30,rayyan_ni_inner30,0.24036,marginal,marginal,0.2,4,1152.5,0.4359,0.1981,0.0,0.0,0.0,0.0,0.0,0.0,0.0,0.0,True,0.0,0.0,True,True
baran,rayyan,inner,30,rayyan_ni_inner30,0.24036,mondrian,column,0.05,4,1152.5,0.4359,0.1981,0.0,0.0,0.0,0.0,0.0,0.0,0.0,0.0,True,0.0,0.0,True,True
baran,rayyan,inner,30,rayyan_ni_inner30,0.24036,mondrian,column,0.1,4,1152.5,0.4359,0.1981,0.0,0.0,0.0,0.0,0.0,0.0,0.0,0.0,True,0.0,0.0,True,True
baran,rayyan,inner,30,rayyan_ni_inner30,0.24036,mondrian,column,0.2,4,1152.5,0.4359,0.1981,0.0,0.0,0.0,0.0,0.0,0.0,0.0,0.0,True,0.0,0.0,True,True
baran,rayyan,inner,50,rayyan_ni_inner50,0.36036,marginal,marginal,0.05,4,1056.5,0.2665,0.18,0.0,0.0,0.0,0.0,0.0,0.0,0.0,0.0,True,0.0,0.0,True,True
baran,rayyan,inner,50,rayyan_ni_inner50,0.36036,marginal,marginal,0.1,4,1056.5,0.2665,0.18,0.0,0.0,0.0,0.0,0.0,0.0,0.0,0.0,True,0.0,0.0,True,True
baran,rayyan,inner,50,rayyan_ni_inner50,0.36036,marginal,marginal,0.2,4,1056.5,0.2665,0.18,0.0,0.0,0.0,0.0,0.0,0.0,0.0,0.0,True,0.0,0.0,True,True
baran,rayyan,inner,50,rayyan_ni_inner50,0.36036,mondrian,column,0.05,4,1056.5,0.2665,0.18,0.0166,0.0166,0.0,0.0,0.0,0.0,0.0,0.0,True,0.0,0.0,True,True
baran,rayyan,inner,50,rayyan_ni_inner50,0.36036,mondrian,column,0.1,4,1056.5,0.2665,0.18,0.0166,0.0227,0.0,0.0,0.0,0.0,0.0,0.0,True,0.0,0.0,True,True
baran,rayyan,inner,50,rayyan_ni_inner50,0.36036,mondrian,column,0.2,4,1056.5,0.2665,0.18,0.0166,0.0431,0.0,0.0,0.0,0.0,0.0,0.0,True,0.0,0.0,True,True
baran,rayyan,inner,70,rayyan_ni_inner70,0.45773,marginal,marginal,0.05,4,1619.5,0.3216,0.2331,0.0,0.0,0.0,0.0,0.0,0.0,0.0,0.0,True,0.0,0.0,True,True
baran,rayyan,inner,70,rayyan_ni_inner70,0.45773,marginal,marginal,0.1,4,1619.5,0.3216,0.2331,0.0,0.0,0.0,0.0,0.0,0.0,0.0,0.0,True,0.0,0.0,True,True
baran,rayyan,inner,70,rayyan_ni_inner70,0.45773,marginal,marginal,0.2,4,1619.5,0.3216,0.2331,0.0,0.0,0.0,0.0,0.0,0.0,0.0,0.0,True,0.0,0.0,True,True
baran,rayyan,inner,70,rayyan_ni_inner70,0.45773,mondrian,column,0.05,4,1619.5,0.3216,0.2331,0.0145,0.0204,0.0,0.0,0.0,0.0,0.0,0.0,True,0.0,0.0,True,True
baran,rayyan,inner,70,rayyan_ni_inner70,0.45773,mondrian,column,0.1,4,1619.5,0.3216,0.2331,0.0145,0.0204,0.0,0.0,0.0,0.0,0.0,0.0,True,0.0,0.0,True,True
baran,rayyan,inner,70,rayyan_ni_inner70,0.45773,mondrian,column,0.2,4,1619.5,0.3216,0.2331,0.0145,0.0204,0.0,0.0,0.0,0.0,0.0,0.0,True,0.0,0.0,True,True
