proposer,dataset,partition,draw,base,kind,level,cell_error_rate,error_cells,coverage,log,n,acc,n_strata,stratifier,pi0,pi05,pi05_floor,strata05,need05,pi1,pi1_floor,strata1,need1,pi2,pi2_floor,strata2,need2
baran,beers_ni_inner10,marginal,0,beers,inner,10,0.08776,2115,0.5901,csvs/baran_beers_ni_inner10_mapped.csv,1248,0.4896,1,marginal,0.0,0.0,0.0,0,263,0.0,0.0,0,128,0.0,0.0,0,60
baran,beers_ni_inner10,marginal,1,beers,inner,10,0.08776,2115,0.6894,csvs/baran_var_ni/beers_ni_inner10/1/baran_beers_ni_inner10_mapped.csv,1458,0.3663,1,marginal,0.0,0.0,0.0,0,263,0.0,0.0,0,128,0.0,0.0,0,60
baran,beers_ni_inner10,marginal,2,beers,inner,10,0.08776,2115,0.4515,csvs/baran_var_ni/beers_ni_inner10/2/baran_beers_ni_inner10_mapped.csv,955,0.355,1,marginal,0.0,0.0,0.0,0,263,0.0,0.0,0,128,0.0,0.0,0,60
baran,beers_ni_inner10,marginal,3,beers,inner,10,0.08776,2115,0.6993,csvs/baran_var_ni/beers_ni_inner10/3/baran_beers_ni_inner10_mapped.csv,1479,0.4828,1,marginal,0.0,0.0,0.0,0,263,0.0,0.0,0,128,0.0,0.0,0,60
baran,beers_ni_inner10,mondrian,0,beers,inner,10,0.08776,2115,0.5901,csvs/baran_beers_ni_inner10_mapped.csv,1248,0.4896,10,column,0.0,0.0,0.0,0,263,0.0,0.0,0,128,0.1675,0.1675,1,60
baran,beers_ni_inner10,mondrian,1,beers,inner,10,0.08776,2115,0.6894,csvs/baran_var_ni/beers_ni_inner10/1/baran_beers_ni_inner10_mapped.csv,1458,0.3663,10,column,0.0,0.0,0.0,0,263,0.0,0.0,0,128,0.0,0.0,0,60
baran,beers_ni_inner10,mondrian,2,beers,inner,10,0.08776,2115,0.4515,csvs/baran_var_ni/beers_ni_inner10/2/baran_beers_ni_inner10_mapped.csv,955,0.355,10,column,0.0,0.0,0.0,0,263,0.0,0.0,0,128,0.0,0.0,0,60
baran,beers_ni_inner10,mondrian,3,beers,inner,10,0.08776,2115,0.6993,csvs/baran_var_ni/beers_ni_inner10/3/baran_beers_ni_inner10_mapped.csv,1479,0.4828,10,column,0.0,0.0,0.0,0,263,0.0,0.0,0,128,0.4442,0.4442,3,60
baran,beers_ni_inner10,column,0,beers,inner,10,0.08776,2115,0.5901,csvs/baran_beers_ni_inner10_mapped.csv,1248,0.4896,10,column,0.0,0.0,0.0,0,263,0.0,0.0,0,128,0.1675,0.1675,1,60
baran,beers_ni_inner10,column,1,beers,inner,10,0.08776,2115,0.6894,csvs/baran_var_ni/beers_ni_inner10/1/baran_beers_ni_inner10_mapped.csv,1458,0.3663,10,column,0.0,0.0,0.0,0,263,0.0,0.0,0,128,0.0,0.0,0,60
baran,beers_ni_inner10,column,2,beers,inner,10,0.08776,2115,0.4515,csvs/baran_var_ni/beers_ni_inner10/2/baran_beers_ni_inner10_mapped.csv,955,0.355,10,column,0.0,0.0,0.0,0,263,0.0,0.0,0,128,0.0,0.0,0,60
baran,beers_ni_inner10,column,3,beers,inner,10,0.08776,2115,0.6993,csvs/baran_var_ni/beers_ni_inner10/3/baran_beers_ni_inner10_mapped.csv,1479,0.4828,10,column,0.0,0.0,0.0,0,263,0.0,0.0,0,128,0.4442,0.4442,3,60
baran,beers_ni_inner30,marginal,0,beers,inner,30,0.23909,5762,0.2447,csvs/baran_beers_ni_inner30_mapped.csv,1410,0.3099,1,marginal,0.0,0.0,0.0,0,263,0.0,0.0,0,128,0.0,0.0,0,60
baran,beers_ni_inner30,marginal,1,beers,inner,30,0.23909,5762,0.3565,csvs/baran_var_ni/beers_ni_inner30/1/baran_beers_ni_inner30_mapped.csv,2054,0.2225,1,marginal,0.0,0.0,0.0,0,263,0.0,0.0,0,128,0.0,0.0,0,60
baran,beers_ni_inner30,marginal,2,beers,inner,30,0.23909,5762,0.5993,csvs/baran_var_ni/beers_ni_inner30/2/baran_beers_ni_inner30_mapped.csv,3453,0.1138,1,marginal,0.0,0.0,0.0,0,263,0.0,0.0,0,128,0.0,0.0,0,60
baran,beers_ni_inner30,marginal,3,beers,inner,30,0.23909,5762,0.2777,csvs/baran_var_ni/beers_ni_inner30/3/baran_beers_ni_inner30_mapped.csv,1600,0.195,1,marginal,0.0,0.0,0.0,0,263,0.0,0.0,0,128,0.0,0.0,0,60
baran,beers_ni_inner30,mondrian,0,beers,inner,30,0.23909,5762,0.2447,csvs/baran_beers_ni_inner30_mapped.csv,1410,0.3099,10,column,0.0,0.2213,0.2213,1,263,0.2213,0.2213,1,128,0.2213,0.2213,1,60
baran,beers_ni_inner30,mondrian,1,beers,inner,30,0.23909,5762,0.3565,csvs/baran_var_ni/beers_ni_inner30/1/baran_beers_ni_inner30_mapped.csv,2054,0.2225,10,column,0.0,0.1519,0.1519,1,263,0.1519,0.1519,1,128,0.1519,0.1519,1,60
baran,beers_ni_inner30,mondrian,2,beers,inner,30,0.23909,5762,0.5993,csvs/baran_var_ni/beers_ni_inner30/2/baran_beers_ni_inner30_mapped.csv,3453,0.1138,10,column,0.0,0.0,0.0,0,263,0.0,0.0,0,128,0.0,0.0,0,60
baran,beers_ni_inner30,mondrian,3,beers,inner,30,0.23909,5762,0.2777,csvs/baran_var_ni/beers_ni_inner30/3/baran_beers_ni_inner30_mapped.csv,1600,0.195,10,column,0.0,0.0,0.0,0,263,0.0,0.0,0,128,0.0,0.0,0,60
baran,beers_ni_inner30,column,0,beers,inner,30,0.23909,5762,0.2447,csvs/baran_beers_ni_inner30_mapped.csv,1410,0.3099,10,column,0.0,0.2213,0.2213,1,263,0.2213,0.2213,1,128,0.2213,0.2213,1,60
baran,beers_ni_inner30,column,1,beers,inner,30,0.23909,5762,0.3565,csvs/baran_var_ni/beers_ni_inner30/1/baran_beers_ni_inner30_mapped.csv,2054,0.2225,10,column,0.0,0.1519,0.1519,1,263,0.1519,0.1519,1,128,0.1519,0.1519,1,60
baran,beers_ni_inner30,column,2,beers,inner,30,0.23909,5762,0.5993,csvs/baran_var_ni/beers_ni_inner30/2/baran_beers_ni_inner30_mapped.csv,3453,0.1138,10,column,0.0,0.0,0.0,0,263,0.0,0.0,0,128,0.0,0.0,0,60
baran,beers_ni_inner30,column,3,beers,inner,30,0.23909,5762,0.2777,csvs/baran_var_ni/beers_ni_inner30/3/baran_beers_ni_inner30_mapped.csv,1600,0.195,10,column,0.0,0.0,0.0,0,263,0.0,0.0,0,128,0.0,0.0,0,60
baran,beers_ni_inner50,marginal,0,beers,inner,50,0.36071,8693,0.3168,csvs/baran_beers_ni_inner50_mapped.csv,2754,0.191,1,marginal,0.0,0.0,0.0,0,263,0.0,0.0,0,128,0.0,0.0,0,60
baran,beers_ni_inner50,marginal,1,beers,inner,50,0.36071,8693,0.4696,csvs/baran_var_ni/beers_ni_inner50/1/baran_beers_ni_inner50_mapped.csv,4082,0.1502,1,marginal,0.0,0.0,0.0,0,263,0.0,0.0,0,128,0.0,0.0,0,60
baran,beers_ni_inner50,marginal,2,beers,inner,50,0.36071,8693,0.3831,csvs/baran_var_ni/beers_ni_inner50/2/baran_beers_ni_inner50_mapped.csv,3330,0.1844,1,marginal,0.0,0.0,0.0,0,263,0.0,0.0,0,128,0.0,0.0,0,60
baran,beers_ni_inner50,marginal,3,beers,inner,50,0.36071,8693,0.3149,csvs/baran_var_ni/beers_ni_inner50/3/baran_beers_ni_inner50_mapped.csv,2737,0.1944,1,marginal,0.0,0.0,0.0,0,263,0.0,0.0,0,128,0.0,0.0,0,60
baran,beers_ni_inner50,mondrian,0,beers,inner,50,0.36071,8693,0.3168,csvs/baran_beers_ni_inner50_mapped.csv,2754,0.191,10,column,0.0,0.0,0.0,0,263,0.0,0.0,0,128,0.0,0.0,0,60
baran,beers_ni_inner50,mondrian,1,beers,inner,50,0.36071,8693,0.4696,csvs/baran_var_ni/beers_ni_inner50/1/baran_beers_ni_inner50_mapped.csv,4082,0.1502,10,column,0.0,0.0,0.0,0,263,0.1137,0.1137,1,128,0.1137,0.1137,1,60
baran,beers_ni_inner50,mondrian,2,beers,inner,50,0.36071,8693,0.3831,csvs/baran_var_ni/beers_ni_inner50/2/baran_beers_ni_inner50_mapped.csv,3330,0.1844,10,column,0.0,0.0,0.0,0,263,0.1396,0.1396,1,128,0.1396,0.1396,1,60
baran,beers_ni_inner50,mondrian,3,beers,inner,50,0.36071,8693,0.3149,csvs/baran_var_ni/beers_ni_inner50/3/baran_beers_ni_inner50_mapped.csv,2737,0.1944,10,column,0.0,0.0,0.0,0,263,0.0,0.0,0,128,0.0,0.0,0,60
baran,beers_ni_inner50,column,0,beers,inner,50,0.36071,8693,0.3168,csvs/baran_beers_ni_inner50_mapped.csv,2754,0.191,10,column,0.0,0.0,0.0,0,263,0.0,0.0,0,128,0.0,0.0,0,60
baran,beers_ni_inner50,column,1,beers,inner,50,0.36071,8693,0.4696,csvs/baran_var_ni/beers_ni_inner50/1/baran_beers_ni_inner50_mapped.csv,4082,0.1502,10,column,0.0,0.0,0.0,0,263,0.1137,0.1137,1,128,0.1137,0.1137,1,60
baran,beers_ni_inner50,column,2,beers,inner,50,0.36071,8693,0.3831,csvs/baran_var_ni/beers_ni_inner50/2/baran_beers_ni_inner50_mapped.csv,3330,0.1844,10,column,0.0,0.0,0.0,0,263,0.1396,0.1396,1,128,0.1396,0.1396,1,60
baran,beers_ni_inner50,column,3,beers,inner,50,0.36071,8693,0.3149,csvs/baran_var_ni/beers_ni_inner50/3/baran_beers_ni_inner50_mapped.csv,2737,0.1944,10,column,0.0,0.0,0.0,0,263,0.0,0.0,0,128,0.0,0.0,0,60
baran,beers_ni_inner70,marginal,0,beers,inner,70,0.45888,11059,0.3892,csvs/baran_beers_ni_inner70_mapped.csv,4304,0.1822,1,marginal,0.0,0.0,0.0,0,263,0.0,0.0,0,128,0.0,0.0,0,60
baran,beers_ni_inner70,marginal,1,beers,inner,70,0.45888,11059,0.4531,csvs/baran_var_ni/beers_ni_inner70/1/baran_beers_ni_inner70_mapped.csv,5011,0.1549,1,marginal,0.0,0.0,0.0,0,263,0.0,0.0,0,128,0.0,0.0,0,60
baran,beers_ni_inner70,marginal,2,beers,inner,70,0.45888,11059,0.4679,csvs/baran_var_ni/beers_ni_inner70/2/baran_beers_ni_inner70_mapped.csv,5175,0.155,1,marginal,0.0,0.0,0.0,0,263,0.0,0.0,0,128,0.0,0.0,0,60
baran,beers_ni_inner70,marginal,3,beers,inner,70,0.45888,11059,0.4387,csvs/baran_var_ni/beers_ni_inner70/3/baran_beers_ni_inner70_mapped.csv,4852,0.1573,1,marginal,0.0,0.0,0.0,0,263,0.0,0.0,0,128,0.0,0.0,0,60
baran,beers_ni_inner70,mondrian,0,beers,inner,70,0.45888,11059,0.3892,csvs/baran_beers_ni_inner70_mapped.csv,4304,0.1822,10,column,0.0,0.0,0.0,0,263,0.1341,0.1341,1,128,0.1341,0.1341,1,60
baran,beers_ni_inner70,mondrian,1,beers,inner,70,0.45888,11059,0.4531,csvs/baran_var_ni/beers_ni_inner70/1/baran_beers_ni_inner70_mapped.csv,5011,0.1549,10,column,0.0,0.1151,0.1151,1,263,0.1151,0.1151,1,128,0.1151,0.1151,1,60
baran,beers_ni_inner70,mondrian,2,beers,inner,70,0.45888,11059,0.4679,csvs/baran_var_ni/beers_ni_inner70/2/baran_beers_ni_inner70_mapped.csv,5175,0.155,10,column,0.0,0.1094,0.1094,1,263,0.1094,0.1094,1,128,0.1094,0.1094,1,60
baran,beers_ni_inner70,mondrian,3,beers,inner,70,0.45888,11059,0.4387,csvs/baran_var_ni/beers_ni_inner70/3/baran_beers_ni_inner70_mapped.csv,4852,0.1573,10,column,0.0041,0.123,0.1189,1,263,0.123,0.1189,1,128,0.123,0.1189,1,60
baran,beers_ni_inner70,column,0,beers,inner,70,0.45888,11059,0.3892,csvs/baran_beers_ni_inner70_mapped.csv,4304,0.1822,10,column,0.0,0.0,0.0,0,263,0.1341,0.1341,1,128,0.1341,0.1341,1,60
baran,beers_ni_inner70,column,1,beers,inner,70,0.45888,11059,0.4531,csvs/baran_var_ni/beers_ni_inner70/1/baran_beers_ni_inner70_mapped.csv,5011,0.1549,10,column,0.0,0.1151,0.1151,1,263,0.1151,0.1151,1,128,0.1151,0.1151,1,60
baran,beers_ni_inner70,column,2,beers,inner,70,0.45888,11059,0.4679,csvs/baran_var_ni/beers_ni_inner70/2/baran_beers_ni_inner70_mapped.csv,5175,0.155,10,column,0.0,0.1094,0.1094,1,263,0.1094,0.1094,1,128,0.1094,0.1094,1,60
baran,beers_ni_inner70,column,3,beers,inner,70,0.45888,11059,0.4387,csvs/baran_var_ni/beers_ni_inner70/3/baran_beers_ni_inner70_mapped.csv,4852,0.1573,10,column,0.0041,0.123,0.1189,1,263,0.123,0.1189,1,128,0.123,0.1189,1,60
baran,flights_ni_inner10,marginal,1,flights,inner,10,0.09287,1324,0.8172,csvs/baran_var_ni/flights_ni_inner10/1/baran_flights_ni_inner10_mapped.csv,1082,0.6913,1,marginal,0.0,0.0,0.0,0,263,0.0,0.0,0,128,0.0,0.0,0,60
baran,flights_ni_inner10,marginal,2,flights,inner,10,0.09287,1324,0.7062,csvs/baran_var_ni/flights_ni_inner10/2/baran_flights_ni_inner10_mapped.csv,935,0.6203,1,marginal,0.0,0.0,0.0,0,263,0.0,0.0,0,128,0.0,0.0,0,60
baran,flights_ni_inner10,marginal,3,flights,inner,10,0.09287,1324,0.8112,csvs/baran_var_ni/flights_ni_inner10/3/baran_flights_ni_inner10_mapped.csv,1074,0.6397,1,marginal,0.0,0.0,0.0,0,263,0.0,0.0,0,128,0.0,0.0,0,60
baran,flights_ni_inner10,mondrian,1,flights,inner,10,0.09287,1324,0.8172,csvs/baran_var_ni/flights_ni_inner10/1/baran_flights_ni_inner10_mapped.csv,1082,0.6913,6,column,0.0,0.0,0.0,0,263,0.1932,0.1932,1,128,0.3845,0.3845,2,60
baran,flights_ni_inner10,mondrian,2,flights,inner,10,0.09287,1324,0.7062,csvs/baran_var_ni/flights_ni_inner10/2/baran_flights_ni_inner10_mapped.csv,935,0.6203,6,column,0.0,0.0,0.0,0,263,0.0,0.0,0,128,0.446,0.446,2,60
baran,flights_ni_inner10,mondrian,3,flights,inner,10,0.09287,1324,0.8112,csvs/baran_var_ni/flights_ni_inner10/3/baran_flights_ni_inner10_mapped.csv,1074,0.6397,6,column,0.0,0.0,0.0,0,263,0.4171,0.4171,2,128,0.6117,0.6117,3,60
baran,flights_ni_inner10,column,1,flights,inner,10,0.09287,1324,0.8172,csvs/baran_var_ni/flights_ni_inner10/1/baran_flights_ni_inner10_mapped.csv,1082,0.6913,6,column,0.0,0.0,0.0,0,263,0.1932,0.1932,1,128,0.3845,0.3845,2,60
baran,flights_ni_inner10,column,2,flights,inner,10,0.09287,1324,0.7062,csvs/baran_var_ni/flights_ni_inner10/2/baran_flights_ni_inner10_mapped.csv,935,0.6203,6,column,0.0,0.0,0.0,0,263,0.0,0.0,0,128,0.446,0.446,2,60
baran,flights_ni_inner10,column,3,flights,inner,10,0.09287,1324,0.8112,csvs/baran_var_ni/flights_ni_inner10/3/baran_flights_ni_inner10_mapped.csv,1074,0.6397,6,column,0.0,0.0,0.0,0,263,0.4171,0.4171,2,128,0.6117,0.6117,3,60
baran,flights_ni_inner30,marginal,1,flights,inner,30,0.25386,3619,0.1923,csvs/baran_var_ni/flights_ni_inner30/1/baran_flights_ni_inner30_mapped.csv,696,0.1466,1,marginal,0.0,0.0,0.0,0,263,0.0,0.0,0,128,0.0,0.0,0,60
baran,flights_ni_inner30,marginal,2,flights,inner,30,0.25386,3619,0.2531,csvs/baran_var_ni/flights_ni_inner30/2/baran_flights_ni_inner30_mapped.csv,916,0.107,1,marginal,0.0,0.0,0.0,0,263,0.0,0.0,0,128,0.0,0.0,0,60
baran,flights_ni_inner30,marginal,3,flights,inner,30,0.25386,3619,0.4219,csvs/baran_var_ni/flights_ni_inner30/3/baran_flights_ni_inner30_mapped.csv,1527,0.0681,1,marginal,0.0,0.0,0.0,0,263,0.0,0.0,0,128,0.0,0.0,0,60
baran,flights_ni_inner30,mondrian,1,flights,inner,30,0.25386,3619,0.1923,csvs/baran_var_ni/flights_ni_inner30/1/baran_flights_ni_inner30_mapped.csv,696,0.1466,6,column,0.0,0.0,0.0,0,263,0.0,0.0,0,128,0.0,0.0,0,60
baran,flights_ni_inner30,mondrian,2,flights,inner,30,0.25386,3619,0.2531,csvs/baran_var_ni/flights_ni_inner30/2/baran_flights_ni_inner30_mapped.csv,916,0.107,6,column,0.0,0.0,0.0,0,263,0.0,0.0,0,128,0.0,0.0,0,60
baran,flights_ni_inner30,mondrian,3,flights,inner,30,0.25386,3619,0.4219,csvs/baran_var_ni/flights_ni_inner30/3/baran_flights_ni_inner30_mapped.csv,1527,0.0681,6,column,0.0,0.0,0.0,0,263,0.0,0.0,0,128,0.0,0.0,0,60
baran,flights_ni_inner30,column,1,flights,inner,30,0.25386,3619,0.1923,csvs/baran_var_ni/flights_ni_inner30/1/baran_flights_ni_inner30_mapped.csv,696,0.1466,6,column,0.0,0.0,0.0,0,263,0.0,0.0,0,128,0.0,0.0,0,60
baran,flights_ni_inner30,column,2,flights,inner,30,0.25386,3619,0.2531,csvs/baran_var_ni/flights_ni_inner30/2/baran_flights_ni_inner30_mapped.csv,916,0.107,6,column,0.0,0.0,0.0,0,263,0.0,0.0,0,128,0.0,0.0,0,60
baran,flights_ni_inner30,column,3,flights,inner,30,0.25386,3619,0.4219,csvs/baran_var_ni/flights_ni_inner30/3/baran_flights_ni_inner30_mapped.csv,1527,0.0681,6,column,0.0,0.0,0.0,0,263,0.0,0.0,0,128,0.0,0.0,0,60
baran,flights_ni_inner50,marginal,1,flights,inner,50,0.38622,5506,0.5532,csvs/baran_var_ni/flights_ni_inner50/1/baran_flights_ni_inner50_mapped.csv,3046,0.0502,1,marginal,0.0,0.0,0.0,0,263,0.0,0.0,0,128,0.0,0.0,0,60
baran,flights_ni_inner50,marginal,2,flights,inner,50,0.38622,5506,0.4486,csvs/baran_var_ni/flights_ni_inner50/2/baran_flights_ni_inner50_mapped.csv,2470,0.0571,1,marginal,0.0,0.0,0.0,0,263,0.0,0.0,0,128,0.0,0.0,0,60
baran,flights_ni_inner50,marginal,3,flights,inner,50,0.38622,5506,0.443,csvs/baran_var_ni/flights_ni_inner50/3/baran_flights_ni_inner50_mapped.csv,2439,0.0549,1,marginal,0.0,0.0,0.0,0,263,0.0,0.0,0,128,0.0,0.0,0,60
baran,flights_ni_inner50,mondrian,1,flights,inner,50,0.38622,5506,0.5532,csvs/baran_var_ni/flights_ni_inner50/1/baran_flights_ni_inner50_mapped.csv,3046,0.0502,6,column,0.0,0.0,0.0,0,263,0.0,0.0,0,128,0.0,0.0,0,60
baran,flights_ni_inner50,mondrian,2,flights,inner,50,0.38622,5506,0.4486,csvs/baran_var_ni/flights_ni_inner50/2/baran_flights_ni_inner50_mapped.csv,2470,0.0571,6,column,0.0,0.0,0.0,0,263,0.0,0.0,0,128,0.0,0.0,0,60
baran,flights_ni_inner50,mondrian,3,flights,inner,50,0.38622,5506,0.443,csvs/baran_var_ni/flights_ni_inner50/3/baran_flights_ni_inner50_mapped.csv,2439,0.0549,6,column,0.0,0.0,0.0,0,263,0.0,0.0,0,128,0.0,0.0,0,60
baran,flights_ni_inner50,column,1,flights,inner,50,0.38622,5506,0.5532,csvs/baran_var_ni/flights_ni_inner50/1/baran_flights_ni_inner50_mapped.csv,3046,0.0502,6,column,0.0,0.0,0.0,0,263,0.0,0.0,0,128,0.0,0.0,0,60
baran,flights_ni_inner50,column,2,flights,inner,50,0.38622,5506,0.4486,csvs/baran_var_ni/flights_ni_inner50/2/baran_flights_ni_inner50_mapped.csv,2470,0.0571,6,column,0.0,0.0,0.0,0,263,0.0,0.0,0,128,0.0,0.0,0,60
baran,flights_ni_inner50,column,3,flights,inner,50,0.38622,5506,0.443,csvs/baran_var_ni/flights_ni_inner50/3/baran_flights_ni_inner50_mapped.csv,2439,0.0549,6,column,0.0,0.0,0.0,0,263,0.0,0.0,0,128,0.0,0.0,0,60
baran,flights_ni_inner70,marginal,1,flights,inner,70,0.49439,7048,0.3546,csvs/baran_var_ni/flights_ni_inner70/1/baran_flights_ni_inner70_mapped.csv,2499,0.058,1,marginal,0.0,0.0,0.0,0,263,0.0,0.0,0,128,0.0,0.0,0,60
baran,flights_ni_inner70,marginal,2,flights,inner,70,0.49439,7048,0.4743,csvs/baran_var_ni/flights_ni_inner70/2/baran_flights_ni_inner70_mapped.csv,3343,0.1846,1,marginal,0.0,0.0,0.0,0,263,0.0,0.0,0,128,0.0,0.0,0,60
baran,flights_ni_inner70,marginal,3,flights,inner,70,0.49439,7048,0.3435,csvs/baran_var_ni/flights_ni_inner70/3/baran_flights_ni_inner70_mapped.csv,2421,0.0591,1,marginal,0.0,0.0,0.0,0,263,0.0,0.0,0,128,0.0,0.0,0,60
baran,flights_ni_inner70,mondrian,1,flights,inner,70,0.49439,7048,0.3546,csvs/baran_var_ni/flights_ni_inner70/1/baran_flights_ni_inner70_mapped.csv,2499,0.058,6,column,0.0,0.0,0.0,0,263,0.0,0.0,0,128,0.0,0.0,0,60
baran,flights_ni_inner70,mondrian,2,flights,inner,70,0.49439,7048,0.4743,csvs/baran_var_ni/flights_ni_inner70/2/baran_flights_ni_inner70_mapped.csv,3343,0.1846,6,column,0.0,0.0,0.0,0,263,0.0,0.0,0,128,0.0,0.0,0,60
baran,flights_ni_inner70,mondrian,3,flights,inner,70,0.49439,7048,0.3435,csvs/baran_var_ni/flights_ni_inner70/3/baran_flights_ni_inner70_mapped.csv,2421,0.0591,6,column,0.0,0.0,0.0,0,263,0.0,0.0,0,128,0.0,0.0,0,60
baran,flights_ni_inner70,column,1,flights,inner,70,0.49439,7048,0.3546,csvs/baran_var_ni/flights_ni_inner70/1/baran_flights_ni_inner70_mapped.csv,2499,0.058,6,column,0.0,0.0,0.0,0,263,0.0,0.0,0,128,0.0,0.0,0,60
baran,flights_ni_inner70,column,2,flights,inner,70,0.49439,7048,0.4743,csvs/baran_var_ni/flights_ni_inner70/2/baran_flights_ni_inner70_mapped.csv,3343,0.1846,6,column,0.0,0.0,0.0,0,263,0.0,0.0,0,128,0.0,0.0,0,60
baran,flights_ni_inner70,column,3,flights,inner,70,0.49439,7048,0.3435,csvs/baran_var_ni/flights_ni_inner70/3/baran_flights_ni_inner70_mapped.csv,2421,0.0591,6,column,0.0,0.0,0.0,0,263,0.0,0.0,0,128,0.0,0.0,0,60
baran,hospital_ni_inner10,marginal,1,hospital,inner,10,0.06637,1261,0.935,csvs/baran_var_ni/hospital_ni_inner10/1/baran_hospital_ni_inner10_mapped.csv,1179,0.8287,1,marginal,0.0,0.0,0.0,0,263,0.0,0.0,0,128,1.0,1.0,1,60
baran,hospital_ni_inner10,marginal,2,hospital,inner,10,0.06637,1261,0.981,csvs/baran_var_ni/hospital_ni_inner10/2/baran_hospital_ni_inner10_mapped.csv,1237,0.7712,1,marginal,0.0,0.0,0.0,0,263,0.0,0.0,0,128,0.0,0.0,0,60
baran,hospital_ni_inner10,marginal,3,hospital,inner,10,0.06637,1261,0.9667,csvs/baran_var_ni/hospital_ni_inner10/3/baran_hospital_ni_inner10_mapped.csv,1219,0.7211,1,marginal,0.0,0.0,0.0,0,263,0.0,0.0,0,128,0.0,0.0,0,60
baran,hospital_ni_inner10,mondrian,1,hospital,inner,10,0.06637,1261,0.935,csvs/baran_var_ni/hospital_ni_inner10/1/baran_hospital_ni_inner10_mapped.csv,1179,0.8287,15,column,0.0,0.1459,0.0,0,263,0.3486,0.0,0,128,0.7506,0.7345,10,60
baran,hospital_ni_inner10,mondrian,2,hospital,inner,10,0.06637,1261,0.981,csvs/baran_var_ni/hospital_ni_inner10/2/baran_hospital_ni_inner10_mapped.csv,1237,0.7712,15,column,0.0,0.1245,0.0,0,263,0.2692,0.0,0,128,0.6419,0.6419,9,60
baran,hospital_ni_inner10,mondrian,3,hospital,inner,10,0.06637,1261,0.9667,csvs/baran_var_ni/hospital_ni_inner10/3/baran_hospital_ni_inner10_mapped.csv,1219,0.7211,15,column,0.0,0.0681,0.0,0,263,0.4733,0.0,0,128,0.63,0.6144,8,60
baran,hospital_ni_inner10,column,1,hospital,inner,10,0.06637,1261,0.935,csvs/baran_var_ni/hospital_ni_inner10/1/baran_hospital_ni_inner10_mapped.csv,1179,0.8287,15,column,0.0,0.1459,0.0,0,263,0.3486,0.0,0,128,0.7506,0.7345,10,60
baran,hospital_ni_inner10,column,2,hospital,inner,10,0.06637,1261,0.981,csvs/baran_var_ni/hospital_ni_inner10/2/baran_hospital_ni_inner10_mapped.csv,1237,0.7712,15,column,0.0,0.1245,0.0,0,263,0.2692,0.0,0,128,0.6419,0.6419,9,60
baran,hospital_ni_inner10,column,3,hospital,inner,10,0.06637,1261,0.9667,csvs/baran_var_ni/hospital_ni_inner10/3/baran_hospital_ni_inner10_mapped.csv,1219,0.7211,15,column,0.0,0.0681,0.0,0,263,0.4733,0.0,0,128,0.63,0.6144,8,60
baran,hospital_ni_inner30,marginal,1,hospital,inner,30,0.18526,3520,0.9051,csvs/baran_var_ni/hospital_ni_inner30/1/baran_hospital_ni_inner30_mapped.csv,3186,0.5719,1,marginal,0.0,0.0,0.0,0,263,0.0,0.0,0,128,0.0,0.0,0,60
baran,hospital_ni_inner30,marginal,2,hospital,inner,30,0.18526,3520,0.8514,csvs/baran_var_ni/hospital_ni_inner30/2/baran_hospital_ni_inner30_mapped.csv,2997,0.4882,1,marginal,0.0,0.0,0.0,0,263,0.0,0.0,0,128,0.0,0.0,0,60
baran,hospital_ni_inner30,marginal,3,hospital,inner,30,0.18526,3520,0.8773,csvs/baran_var_ni/hospital_ni_inner30/3/baran_hospital_ni_inner30_mapped.csv,3088,0.443,1,marginal,0.0,0.0,0.0,0,263,0.0,0.0,0,128,0.0,0.0,0,60
baran,hospital_ni_inner30,mondrian,1,hospital,inner,30,0.18526,3520,0.9051,csvs/baran_var_ni/hospital_ni_inner30/1/baran_hospital_ni_inner30_mapped.csv,3186,0.5719,16,column,0.0,0.0,0.0,0,263,0.0,0.0,0,128,0.1296,0.1277,2,60
baran,hospital_ni_inner30,mondrian,2,hospital,inner,30,0.18526,3520,0.8514,csvs/baran_var_ni/hospital_ni_inner30/2/baran_hospital_ni_inner30_mapped.csv,2997,0.4882,16,column,0.0,0.0,0.0,0,263,0.0,0.0,0,128,0.025,0.023,1,60
baran,hospital_ni_inner30,mondrian,3,hospital,inner,30,0.18526,3520,0.8773,csvs/baran_var_ni/hospital_ni_inner30/3/baran_hospital_ni_inner30_mapped.csv,3088,0.443,16,column,0.0,0.0,0.0,0,263,0.0223,0.0,0,128,0.0858,0.0839,2,60
baran,hospital_ni_inner30,column,1,hospital,inner,30,0.18526,3520,0.9051,csvs/baran_var_ni/hospital_ni_inner30/1/baran_hospital_ni_inner30_mapped.csv,3186,0.5719,16,column,0.0,0.0,0.0,0,263,0.0,0.0,0,128,0.1296,0.1277,2,60
baran,hospital_ni_inner30,column,2,hospital,inner,30,0.18526,3520,0.8514,csvs/baran_var_ni/hospital_ni_inner30/2/baran_hospital_ni_inner30_mapped.csv,2997,0.4882,16,column,0.0,0.0,0.0,0,263,0.0,0.0,0,128,0.025,0.023,1,60
baran,hospital_ni_inner30,column,3,hospital,inner,30,0.18526,3520,0.8773,csvs/baran_var_ni/hospital_ni_inner30/3/baran_hospital_ni_inner30_mapped.csv,3088,0.443,16,column,0.0,0.0,0.0,0,263,0.0223,0.0,0,128,0.0858,0.0839,2,60
baran,hospital_ni_inner50,marginal,1,hospital,inner,50,0.27879,5297,0.9001,csvs/baran_var_ni/hospital_ni_inner50/1/baran_hospital_ni_inner50_mapped.csv,4768,0.3886,1,marginal,0.0,0.0,0.0,0,263,0.0,0.0,0,128,0.0,0.0,0,60
baran,hospital_ni_inner50,marginal,2,hospital,inner,50,0.27879,5297,0.8616,csvs/baran_var_ni/hospital_ni_inner50/2/baran_hospital_ni_inner50_mapped.csv,4564,0.4483,1,marginal,0.0,0.0,0.0,0,263,0.0,0.0,0,128,0.0,0.0,0,60
baran,hospital_ni_inner50,marginal,3,hospital,inner,50,0.27879,5297,0.7129,csvs/baran_var_ni/hospital_ni_inner50/3/baran_hospital_ni_inner50_mapped.csv,3776,0.4261,1,marginal,0.0,0.0,0.0,0,263,0.0,0.0,0,128,0.0,0.0,0,60
baran,hospital_ni_inner50,mondrian,1,hospital,inner,50,0.27879,5297,0.9001,csvs/baran_var_ni/hospital_ni_inner50/1/baran_hospital_ni_inner50_mapped.csv,4768,0.3886,16,column,0.018,0.018,0.0,0,263,0.018,0.0,0,128,0.0224,0.018,1,60
baran,hospital_ni_inner50,mondrian,2,hospital,inner,50,0.27879,5297,0.8616,csvs/baran_var_ni/hospital_ni_inner50/2/baran_hospital_ni_inner50_mapped.csv,4564,0.4483,16,column,0.0,0.0,0.0,0,263,0.0,0.0,0,128,0.0234,0.0188,1,60
baran,hospital_ni_inner50,mondrian,3,hospital,inner,50,0.27879,5297,0.7129,csvs/baran_var_ni/hospital_ni_inner50/3/baran_hospital_ni_inner50_mapped.csv,3776,0.4261,16,column,0.0,0.0,0.0,0,263,0.0,0.0,0,128,0.0228,0.0228,1,60
baran,hospital_ni_inner50,column,1,hospital,inner,50,0.27879,5297,0.9001,csvs/baran_var_ni/hospital_ni_inner50/1/baran_hospital_ni_inner50_mapped.csv,4768,0.3886,16,column,0.018,0.018,0.0,0,263,0.018,0.0,0,128,0.0224,0.018,1,60
baran,hospital_ni_inner50,column,2,hospital,inner,50,0.27879,5297,0.8616,csvs/baran_var_ni/hospital_ni_inner50/2/baran_hospital_ni_inner50_mapped.csv,4564,0.4483,16,column,0.0,0.0,0.0,0,263,0.0,0.0,0,128,0.0234,0.0188,1,60
baran,hospital_ni_inner50,column,3,hospital,inner,50,0.27879,5297,0.7129,csvs/baran_var_ni/hospital_ni_inner50/3/baran_hospital_ni_inner50_mapped.csv,3776,0.4261,16,column,0.0,0.0,0.0,0,263,0.0,0.0,0,128,0.0228,0.0228,1,60
baran,hospital_ni_inner70,marginal,1,hospital,inner,70,0.35847,6811,0.6792,csvs/baran_var_ni/hospital_ni_inner70/1/baran_hospital_ni_inner70_mapped.csv,4626,0.2875,1,marginal,0.0,0.0,0.0,0,263,0.0,0.0,0,128,0.0,0.0,0,60
baran,hospital_ni_inner70,marginal,2,hospital,inner,70,0.35847,6811,0.6702,csvs/baran_var_ni/hospital_ni_inner70/2/baran_hospital_ni_inner70_mapped.csv,4565,0.287,1,marginal,0.0,0.0,0.0,0,263,0.0,0.0,0,128,0.0,0.0,0,60
baran,hospital_ni_inner70,marginal,3,hospital,inner,70,0.35847,6811,0.6802,csvs/baran_var_ni/hospital_ni_inner70/3/baran_hospital_ni_inner70_mapped.csv,4633,0.2966,1,marginal,0.0,0.0,0.0,0,263,0.0,0.0,0,128,0.0,0.0,0,60
baran,hospital_ni_inner70,mondrian,1,hospital,inner,70,0.35847,6811,0.6792,csvs/baran_var_ni/hospital_ni_inner70/1/baran_hospital_ni_inner70_mapped.csv,4626,0.2875,16,column,0.0,0.0,0.0,0,263,0.0,0.0,0,128,0.0,0.0,0,60
baran,hospital_ni_inner70,mondrian,2,hospital,inner,70,0.35847,6811,0.6702,csvs/baran_var_ni/hospital_ni_inner70/2/baran_hospital_ni_inner70_mapped.csv,4565,0.287,16,column,0.0318,0.0318,0.0,0,263,0.0318,0.0,0,128,0.0359,0.0272,1,60
baran,hospital_ni_inner70,mondrian,3,hospital,inner,70,0.35847,6811,0.6802,csvs/baran_var_ni/hospital_ni_inner70/3/baran_hospital_ni_inner70_mapped.csv,4633,0.2966,16,column,0.0268,0.0268,0.0,0,263,0.0268,0.0,0,128,0.0356,0.0268,1,60
baran,hospital_ni_inner70,column,1,hospital,inner,70,0.35847,6811,0.6792,csvs/baran_var_ni/hospital_ni_inner70/1/baran_hospital_ni_inner70_mapped.csv,4626,0.2875,16,column,0.0,0.0,0.0,0,263,0.0,0.0,0,128,0.0,0.0,0,60
baran,hospital_ni_inner70,column,2,hospital,inner,70,0.35847,6811,0.6702,csvs/baran_var_ni/hospital_ni_inner70/2/baran_hospital_ni_inner70_mapped.csv,4565,0.287,16,column,0.0318,0.0318,0.0,0,263,0.0318,0.0,0,128,0.0359,0.0272,1,60
baran,hospital_ni_inner70,column,3,hospital,inner,70,0.35847,6811,0.6802,csvs/baran_var_ni/hospital_ni_inner70/3/baran_hospital_ni_inner70_mapped.csv,4633,0.2966,16,column,0.0268,0.0268,0.0,0,263,0.0268,0.0,0,128,0.0356,0.0268,1,60
baran,rayyan_ni_inner10,marginal,0,rayyan,inner,10,0.09082,999,0.5616,csvs/baran_rayyan_ni_inner10_mapped.csv,561,0.1907,1,marginal,0.0,0.0,0.0,0,263,0.0,0.0,0,128,0.0,0.0,0,60
baran,rayyan_ni_inner10,marginal,1,rayyan,inner,10,0.09082,999,0.5165,csvs/baran_var_ni/rayyan_ni_inner10/1/baran_rayyan_ni_inner10_mapped.csv,516,0.2074,1,marginal,0.0,0.0,0.0,0,263,0.0,0.0,0,128,0.0,0.0,0,60
baran,rayyan_ni_inner10,marginal,2,rayyan,inner,10,0.09082,999,0.4855,csvs/baran_var_ni/rayyan_ni_inner10/2/baran_rayyan_ni_inner10_mapped.csv,485,0.1773,1,marginal,0.0,0.0,0.0,0,263,0.0,0.0,0,128,0.0,0.0,0,60
baran,rayyan_ni_inner10,marginal,3,rayyan,inner,10,0.09082,999,0.4755,csvs/baran_var_ni/rayyan_ni_inner10/3/baran_rayyan_ni_inner10_mapped.csv,475,0.2274,1,marginal,0.0,0.0,0.0,0,263,0.0,0.0,0,128,0.0,0.0,0,60
baran,rayyan_ni_inner10,mondrian,0,rayyan,inner,10,0.09082,999,0.5616,csvs/baran_rayyan_ni_inner10_mapped.csv,561,0.1907,11,column,0.0,0.0,0.0,0,263,0.0,0.0,0,128,0.0,0.0,0,60
baran,rayyan_ni_inner10,mondrian,1,rayyan,inner,10,0.09082,999,0.5165,csvs/baran_var_ni/rayyan_ni_inner10/1/baran_rayyan_ni_inner10_mapped.csv,516,0.2074,11,column,0.0,0.0,0.0,0,263,0.0,0.0,0,128,0.0,0.0,0,60
baran,rayyan_ni_inner10,mondrian,2,rayyan,inner,10,0.09082,999,0.4855,csvs/baran_var_ni/rayyan_ni_inner10/2/baran_rayyan_ni_inner10_mapped.csv,485,0.1773,11,column,0.0,0.0,0.0,0,263,0.0,0.0,0,128,0.0,0.0,0,60
baran,rayyan_ni_inner10,mondrian,3,rayyan,inner,10,0.09082,999,0.4755,csvs/baran_var_ni/rayyan_ni_inner10/3/baran_rayyan_ni_inner10_mapped.csv,475,0.2274,11,column,0.0,0.0,0.0,0,263,0.0,0.0,0,128,0.0,0.0,0,60
baran,rayyan_ni_inner10,column,0,rayyan,inner,10,0.09082,999,0.5616,csvs/baran_rayyan_ni_inner10_mapped.csv,561,0.1907,11,column,0.0,0.0,0.0,0,263,0.0,0.0,0,128,0.0,0.0,0,60
baran,rayyan_ni_inner10,column,1,rayyan,inner,10,0.09082,999,0.5165,csvs/baran_var_ni/rayyan_ni_inner10/1/baran_rayyan_ni_inner10_mapped.csv,516,0.2074,11,column,0.0,0.0,0.0,0,263,0.0,0.0,0,128,0.0,0.0,0,60
baran,rayyan_ni_inner10,column,2,rayyan,inner,10,0.09082,999,0.4855,csvs/baran_var_ni/rayyan_ni_inner10/2/baran_rayyan_ni_inner10_mapped.csv,485,0.1773,11,column,0.0,0.0,0.0,0,263,0.0,0.0,0,128,0.0,0.0,0,60
baran,rayyan_ni_inner10,column,3,rayyan,inner,10,0.09082,999,0.4755,csvs/baran_var_ni/rayyan_ni_inner10/3/baran_rayyan_ni_inner10_mapped.csv,475,0.2274,11,column,0.0,0.0,0.0,0,263,0.0,0.0,0,128,0.0,0.0,0,60
baran,rayyan_ni_inner30,marginal,0,rayyan,inner,30,0.24036,2644,0.43,csvs/baran_rayyan_ni_inner30_mapped.csv,1137,0.1944,1,marginal,0.0,0.0,0.0,0,263,0.0,0.0,0,128,0.0,0.0,0,60
baran,rayyan_ni_inner30,marginal,1,rayyan,inner,30,0.24036,2644,0.4418,csvs/baran_var_ni/rayyan_ni_inner30/1/baran_rayyan_ni_inner30_mapped.csv,1168,0.1747,1,marginal,0.0,0.0,0.0,0,263,0.0,0.0,0,128,0.0,0.0,0,60
baran,rayyan_ni_inner30,marginal,2,rayyan,inner,30,0.24036,2644,0.3317,csvs/baran_var_ni/rayyan_ni_inner30/2/baran_rayyan_ni_inner30_mapped.csv,877,0.244,1,marginal,0.0,0.0,0.0,0,263,0.0,0.0,0,128,0.0,0.0,0,60
baran,rayyan_ni_inner30,marginal,3,rayyan,inner,30,0.24036,2644,0.4554,csvs/baran_var_ni/rayyan_ni_inner30/3/baran_rayyan_ni_inner30_mapped.csv,1204,0.2018,1,marginal,0.0,0.0,0.0,0,263,0.0,0.0,0,128,0.0,0.0,0,60
baran,rayyan_ni_inner30,mondrian,0,rayyan,inner,30,0.24036,2644,0.43,csvs/baran_rayyan_ni_inner30_mapped.csv,1137,0.1944,11,column,0.0,0.0,0.0,0,263,0.0,0.0,0,128,0.0,0.0,0,60
baran,rayyan_ni_inner30,mondrian,1,rayyan,inner,30,0.24036,2644,0.4418,csvs/baran_var_ni/rayyan_ni_inner30/1/baran_rayyan_ni_inner30_mapped.csv,1168,0.1747,11,column,0.0,0.0,0.0,0,263,0.0,0.0,0,128,0.0,0.0,0,60
baran,rayyan_ni_inner30,mondrian,2,rayyan,inner,30,0.24036,2644,0.3317,csvs/baran_var_ni/rayyan_ni_inner30/2/baran_rayyan_ni_inner30_mapped.csv,877,0.244,11,column,0.0,0.0,0.0,0,263,0.0,0.0,0,128,0.0,0.0,0,60
baran,rayyan_ni_inner30,mondrian,3,rayyan,inner,30,0.24036,2644,0.4554,csvs/baran_var_ni/rayyan_ni_inner30/3/baran_rayyan_ni_inner30_mapped.csv,1204,0.2018,11,column,0.0,0.0,0.0,0,263,0.0,0.0,0,128,0.0,0.0,0,60
baran,rayyan_ni_inner30,column,0,rayyan,inner,30,0.24036,2644,0.43,csvs/baran_rayyan_ni_inner30_mapped.csv,1137,0.1944,11,column,0.0,0.0,0.0,0,263,0.0,0.0,0,128,0.0,0.0,0,60
baran,rayyan_ni_inner30,column,1,rayyan,inner,30,0.24036,2644,0.4418,csvs/baran_var_ni/rayyan_ni_inner30/1/baran_rayyan_ni_inner30_mapped.csv,1168,0.1747,11,column,0.0,0.0,0.0,0,263,0.0,0.0,0,128,0.0,0.0,0,60
baran,rayyan_ni_inner30,column,2,rayyan,inner,30,0.24036,2644,0.3317,csvs/baran_var_ni/rayyan_ni_inner30/2/baran_rayyan_ni_inner30_mapped.csv,877,0.244,11,column,0.0,0.0,0.0,0,263,0.0,0.0,0,128,0.0,0.0,0,60
baran,rayyan_ni_inner30,column,3,rayyan,inner,30,0.24036,2644,0.4554,csvs/baran_var_ni/rayyan_ni_inner30/3/baran_rayyan_ni_inner30_mapped.csv,1204,0.2018,11,column,0.0,0.0,0.0,0,263,0.0,0.0,0,128,0.0,0.0,0,60
baran,rayyan_ni_inner50,marginal,0,rayyan,inner,50,0.36036,3964,0.3663,csvs/baran_rayyan_ni_inner50_mapped.csv,1452,0.1343,1,marginal,0.0,0.0,0.0,0,263,0.0,0.0,0,128,0.0,0.0,0,60
baran,rayyan_ni_inner50,marginal,1,rayyan,inner,50,0.36036,3964,0.2825,csvs/baran_var_ni/rayyan_ni_inner50/1/baran_rayyan_ni_inner50_mapped.csv,1120,0.1661,1,marginal,0.0,0.0,0.0,0,263,0.0,0.0,0,128,0.0,0.0,0,60
baran,rayyan_ni_inner50,marginal,2,rayyan,inner,50,0.36036,3964,0.2505,csvs/baran_var_ni/rayyan_ni_inner50/2/baran_rayyan_ni_inner50_mapped.csv,993,0.2064,1,marginal,0.0,0.0,0.0,0,263,0.0,0.0,0,128,0.0,0.0,0,60
baran,rayyan_ni_inner50,marginal,3,rayyan,inner,50,0.36036,3964,0.2354,csvs/baran_var_ni/rayyan_ni_inner50/3/baran_rayyan_ni_inner50_mapped.csv,933,0.194,1,marginal,0.0,0.0,0.0,0,263,0.0,0.0,0,128,0.0,0.0,0,60
baran,rayyan_ni_inner50,mondrian,0,rayyan,inner,50,0.36036,3964,0.3663,csvs/baran_rayyan_ni_inner50_mapped.csv,1452,0.1343,11,column,0.0138,0.0138,0.0,0,263,0.0262,0.0,0,128,0.0523,0.0,0,60
baran,rayyan_ni_inner50,mondrian,1,rayyan,inner,50,0.36036,3964,0.2825,csvs/baran_var_ni/rayyan_ni_inner50/1/baran_rayyan_ni_inner50_mapped.csv,1120,0.1661,11,column,0.0,0.0,0.0,0,263,0.0152,0.0,0,128,0.0339,0.0,0,60
baran,rayyan_ni_inner50,mondrian,2,rayyan,inner,50,0.36036,3964,0.2505,csvs/baran_var_ni/rayyan_ni_inner50/2/baran_rayyan_ni_inner50_mapped.csv,993,0.2064,11,column,0.0393,0.0393,0.0,0,263,0.0574,0.0,0,128,0.0574,0.0,0,60
baran,rayyan_ni_inner50,mondrian,3,rayyan,inner,50,0.36036,3964,0.2354,csvs/baran_var_ni/rayyan_ni_inner50/3/baran_rayyan_ni_inner50_mapped.csv,933,0.194,11,column,0.0193,0.0193,0.0,0,263,0.0193,0.0,0,128,0.0193,0.0,0,60
baran,rayyan_ni_inner50,column,0,rayyan,inner,50,0.36036,3964,0.3663,csvs/baran_rayyan_ni_inner50_mapped.csv,1452,0.1343,11,column,0.0138,0.0138,0.0,0,263,0.0262,0.0,0,128,0.0523,0.0,0,60
baran,rayyan_ni_inner50,column,1,rayyan,inner,50,0.36036,3964,0.2825,csvs/baran_var_ni/rayyan_ni_inner50/1/baran_rayyan_ni_inner50_mapped.csv,1120,0.1661,11,column,0.0,0.0,0.0,0,263,0.0152,0.0,0,128,0.0339,0.0,0,60
baran,rayyan_ni_inner50,column,2,rayyan,inner,50,0.36036,3964,0.2505,csvs/baran_var_ni/rayyan_ni_inner50/2/baran_rayyan_ni_inner50_mapped.csv,993,0.2064,11,column,0.0393,0.0393,0.0,0,263,0.0574,0.0,0,128,0.0574,0.0,0,60
baran,rayyan_ni_inner50,column,3,rayyan,inner,50,0.36036,3964,0.2354,csvs/baran_var_ni/rayyan_ni_inner50/3/baran_rayyan_ni_inner50_mapped.csv,933,0.194,11,column,0.0193,0.0193,0.0,0,263,0.0193,0.0,0,128,0.0193,0.0,0,60
baran,rayyan_ni_inner70,marginal,0,rayyan,inner,70,0.45773,5035,0.1813,csvs/baran_rayyan_ni_inner70_mapped.csv,913,0.3998,1,marginal,0.0,0.0,0.0,0,263,0.0,0.0,0,128,0.0,0.0,0,60
baran,rayyan_ni_inner70,marginal,1,rayyan,inner,70,0.45773,5035,0.3069,csvs/baran_var_ni/rayyan_ni_inner70/1/baran_rayyan_ni_inner70_mapped.csv,1545,0.2472,1,marginal,0.0,0.0,0.0,0,263,0.0,0.0,0,128,0.0,0.0,0,60
baran,rayyan_ni_inner70,marginal,2,rayyan,inner,70,0.45773,5035,0.462,csvs/baran_var_ni/rayyan_ni_inner70/2/baran_rayyan_ni_inner70_mapped.csv,2326,0.1612,1,marginal,0.0,0.0,0.0,0,263,0.0,0.0,0,128,0.0,0.0,0,60
baran,rayyan_ni_inner70,marginal,3,rayyan,inner,70,0.45773,5035,0.3364,csvs/baran_var_ni/rayyan_ni_inner70/3/baran_rayyan_ni_inner70_mapped.csv,1694,0.219,1,marginal,0.0,0.0,0.0,0,263,0.0,0.0,0,128,0.0,0.0,0,60
baran,rayyan_ni_inner70,mondrian,0,rayyan,inner,70,0.45773,5035,0.1813,csvs/baran_rayyan_ni_inner70_mapped.csv,913,0.3998,11,column,0.0427,0.0646,0.0,0,263,0.0646,0.0,0,128,0.0876,0.0,0,60
baran,rayyan_ni_inner70,mondrian,1,rayyan,inner,70,0.45773,5035,0.3069,csvs/baran_var_ni/rayyan_ni_inner70/1/baran_rayyan_ni_inner70_mapped.csv,1545,0.2472,11,column,0.0,0.0,0.0,0,263,0.0,0.0,0,128,0.0,0.0,0,60
baran,rayyan_ni_inner70,mondrian,2,rayyan,inner,70,0.45773,5035,0.462,csvs/baran_var_ni/rayyan_ni_inner70/2/baran_rayyan_ni_inner70_mapped.csv,2326,0.1612,11,column,0.0172,0.0172,0.0,0,263,0.0172,0.0,0,128,0.0172,0.0,0,60
baran,rayyan_ni_inner70,mondrian,3,rayyan,inner,70,0.45773,5035,0.3364,csvs/baran_var_ni/rayyan_ni_inner70/3/baran_rayyan_ni_inner70_mapped.csv,1694,0.219,11,column,0.0118,0.0236,0.0,0,263,0.0236,0.0,0,128,0.0236,0.0,0,60
baran,rayyan_ni_inner70,column,0,rayyan,inner,70,0.45773,5035,0.1813,csvs/baran_rayyan_ni_inner70_mapped.csv,913,0.3998,11,column,0.0427,0.0646,0.0,0,263,0.0646,0.0,0,128,0.0876,0.0,0,60
baran,rayyan_ni_inner70,column,1,rayyan,inner,70,0.45773,5035,0.3069,csvs/baran_var_ni/rayyan_ni_inner70/1/baran_rayyan_ni_inner70_mapped.csv,1545,0.2472,11,column,0.0,0.0,0.0,0,263,0.0,0.0,0,128,0.0,0.0,0,60
baran,rayyan_ni_inner70,column,2,rayyan,inner,70,0.45773,5035,0.462,csvs/baran_var_ni/rayyan_ni_inner70/2/baran_rayyan_ni_inner70_mapped.csv,2326,0.1612,11,column,0.0172,0.0172,0.0,0,263,0.0172,0.0,0,128,0.0172,0.0,0,60
baran,rayyan_ni_inner70,column,3,rayyan,inner,70,0.45773,5035,0.3364,csvs/baran_var_ni/rayyan_ni_inner70/3/baran_rayyan_ni_inner70_mapped.csv,1694,0.219,11,column,0.0118,0.0236,0.0,0,263,0.0236,0.0,0,128,0.0236,0.0,0,60
